"","county","mean_price","p7525_ratio"
"1",1001,1405.473,1.817402
"2",1003,2072.4,2.611486
"3",1005,1861.411,5.093418
"4",1007,1342.165,3.190217
"5",1009,1013.086,2.164164
"6",1011,2084.171,4.516116
"7",1013,1409.839,1.817391
"8",1015,1881.581,1.948206
"9",1017,1601.639,2.487078
"10",1019,1612.216,3.8944
"11",1021,1418.607,2.895517
"12",1023,1009.407,3.09349
"13",1025,1346.785,1.758649
"14",1029,1489.489,2.937328
"15",1031,1356.446,2.423214
"16",1033,2118.421,1.842013
"17",1035,1118.819,1.345055
"18",1037,1143.088,2.445266
"19",1039,1944.777,5.816898
"20",1041,1784.778,2.494769
"21",1043,1098.675,2.310786
"22",1045,1785.551,4.146849
"23",1047,1268.401,1.577487
"24",1049,1415.72,2.249368
"25",1051,1292.892,1.891381
"26",1053,1352.435,2.346462
"27",1055,1953.17,2.029155
"28",1057,1282.665,2.06734
"29",1059,1896.942,2.056376
"30",1061,1331.853,2.507125
"31",1063,861.1404,3.276191
"32",1065,1067.429,4.216429
"33",1067,1348.262,2.721429
"34",1069,1250.996,2.516089
"35",1071,1587.175,2.895992
"36",1073,1100.101,2.929313
"37",1075,2358.042,2.968942
"38",1077,1638.765,2.519951
"39",1079,2036.061,3.251654
"40",1081,1429.586,1.564469
"41",1083,1518.368,2.622955
"42",1085,1405.406,2.108462
"43",1087,1348.974,1.528225
"44",1089,1262.86,2.168154
"45",1091,1088.604,3.319979
"46",1093,1370.964,2.218371
"47",1095,1363.645,2.646715
"48",1097,1244.608,1.435389
"49",1099,1475.721,1.602329
"50",1101,1352.392,1.817402
"51",1103,1741.621,3.010233
"52",1107,1450.227,3.989636
"53",1109,1867.773,3.185472
"54",1111,1698.168,3.149769
"55",1113,1455.509,2.862571
"56",1115,1177.355,2.109293
"57",1117,1103.78,2.944
"58",1119,878.6805,3.009365
"59",1121,1554.168,3.107143
"60",1123,1526.483,1.672637
"61",1125,934.5642,3.25719
"62",1127,1341.341,2.957989
"63",1129,1303.767,1.959007
"64",1131,1005.185,1.626035
"65",1133,1447.934,3.155932
"66",2020,2214.946,1.304934
"67",2050,1339.119,4.130866
"68",2090,2295.991,1.797443
"69",2110,2895.379,2.073844
"70",2122,2310.543,1.502078
"71",2130,1946.257,1.794677
"72",2150,3313.508,1.69343
"73",2170,3147.346,1.87028
"74",2180,1978.56,2.632486
"75",2188,2799.323,2.853622
"76",2195,2423.026,1.379447
"77",2198,2047.24,1.918949
"78",2220,2583.458,1.279657
"79",2240,2666.448,1.765001
"80",2261,2902.047,2.098992
"81",4001,2154.733,2.178543
"82",4003,1765.194,2.991251
"83",4005,1310.898,1.750014
"84",4007,2803.667,4.787012
"85",4009,1817.308,1.517338
"86",4011,1819.697,1.671286
"87",4012,2664.882,3.349585
"88",4013,945.4674,1.937743
"89",4015,3567.235,2.220913
"90",4017,1958.097,3.601679
"91",4019,932.4809,2.572445
"92",4021,1078.835,2.719844
"93",4023,1793.26,3.670663
"94",4025,2093.513,4.099867
"95",4027,1127.776,1.981602
"96",5001,688.5592,1.721591
"97",5003,1036.082,1.883987
"98",5005,1368.572,1.080161
"99",5007,1142.914,1.61154
"100",5009,1711.801,2.86477
"101",5013,1813.844,4.290076
"102",5015,1020.077,2.30922
"103",5017,1171.557,3.690346
"104",5019,907.0282,2.033054
"105",5021,1196.415,1.933427
"106",5023,971.4991,1.707646
"107",5025,1267.082,3.116436
"108",5027,2405.282,5.377939
"109",5029,976.2245,1.686207
"110",5031,853.7667,1.373485
"111",5033,1011.786,1.75
"112",5035,817.7313,1.644624
"113",5037,1160.449,1.979562
"114",5039,865.9366,1.678016
"115",5041,1226.924,1.5
"116",5043,1064.913,1.859618
"117",5045,725.6251,1.595745
"118",5049,1297.504,1.834455
"119",5051,1150.842,2.108931
"120",5053,1197.1,3.427682
"121",5055,1146.367,2.035636
"122",5057,1110.788,2.874826
"123",5059,1028.756,2.071985
"124",5061,1484.091,3.381058
"125",5063,1136.353,1.832798
"126",5069,782.0192,1.711364
"127",5071,1236.65,1.666329
"128",5073,1559.69,3.716094
"129",5075,848.8493,1.543167
"130",5077,2001.631,4.620102
"131",5079,1124.572,1.871325
"132",5081,1659.783,5.650195
"133",5083,1042.858,2.129752
"134",5085,627.8134,1.5
"135",5087,1095.227,1.61149
"136",5089,1501.01,1.269893
"137",5091,1596.087,5.062804
"138",5093,996.6247,1.578447
"139",5095,1104.493,1.810625
"140",5097,1224.213,3.107957
"141",5099,1129.253,3.717043
"142",5101,1425.983,3.200035
"143",5103,1400.284,2.786765
"144",5105,721.8658,1.526733
"145",5107,1124.975,1.995229
"146",5109,1701.638,2.863636
"147",5111,834.9797,1.650876
"148",5115,1219.177,1.885305
"149",5117,719.8669,1.843066
"150",5119,590.2759,1.401136
"151",5121,936.1239,3.407558
"152",5123,1981.516,5.771217
"153",5125,788.0961,1.752273
"154",5127,1377.776,2.515136
"155",5131,853.4157,1.596694
"156",5133,1111.638,3.290544
"157",5135,966.9544,1.814403
"158",5137,1100.071,2.335116
"159",5139,1794.901,4.504673
"160",5141,794.6878,1.128529
"161",5143,1053.355,2.386319
"162",5145,1100.525,2.097445
"163",5149,1027.152,2.164464
"164",6001,1737.285,2.458904
"165",6005,2712.767,1.646368
"166",6007,4211.418,1.635674
"167",6009,2331.357,2.09028
"168",6011,3660.684,1.682359
"169",6013,1428.993,2.4
"170",6015,3310.072,4.524784
"171",6017,3246.425,1.87689
"172",6019,1374.587,2.650337
"173",6023,4291.622,1.657736
"174",6025,1067.615,1.317433
"175",6027,2469.145,5.187124
"176",6029,900.3767,1.566079
"177",6031,1581.996,2.77509
"178",6033,3027.395,5.98155
"179",6035,1870.477,4.067584
"180",6037,2243.937,5.154306
"181",6039,1206.5,2.002262
"182",6041,1500.99,2.388889
"183",6043,972.1393,1.616852
"184",6045,1655.664,3.557988
"185",6047,1597.353,3.088379
"186",6049,2721.712,1.806406
"187",6053,1205.295,1.414583
"188",6055,3068.831,2.590439
"189",6057,959.5748,1.731707
"190",6059,1807.83,3.191933
"191",6061,2136.635,1.362414
"192",6063,1809.128,3.78606
"193",6065,1806.4,3.517985
"194",6067,2339.547,3.057778
"195",6069,2194.309,2.884789
"196",6071,1909.867,3.581281
"197",6073,1308.646,1.954427
"198",6075,2300.143,2.038778
"199",6077,2049.991,2.57264
"200",6079,1037.064,1.381786
"201",6081,1989.444,2.940678
"202",6083,1079.693,1.539231
"203",6085,2095.646,2.442308
"204",6087,2263.941,3.576732
"205",6089,1532.543,4.133333
"206",6093,2528.295,4.195796
"207",6095,2640.102,1.725962
"208",6097,1810.32,2.7875
"209",6099,2632.055,3.126113
"210",6101,2165.927,1.992507
"211",6103,3062.593,4.626142
"212",6105,1889.678,3.954735
"213",6107,1754.851,2.511342
"214",6109,3046.082,1.835455
"215",6111,2326.766,3.852423
"216",6113,2648.742,1.558155
"217",6115,2284.737,2.846897
"218",8001,1389.401,2.692308
"219",8005,1223.034,2.416394
"220",8007,1028.547,1.819964
"221",8011,2233.161,1.79367
"222",8013,1124.492,1.67273
"223",8014,1167.681,2.129485
"224",8015,2104.016,1.418723
"225",8019,998.812,2.13841
"226",8021,2078.828,1.30104
"227",8025,2656.625,3.580947
"228",8027,1594.072,3.164258
"229",8029,1814.21,2.245687
"230",8031,1188.65,2.4
"231",8035,1235.536,2.428336
"232",8037,2763.277,1.346805
"233",8039,1239.561,2.564943
"234",8041,784.0089,1.287293
"235",8043,1827.936,3.384086
"236",8045,2396.655,1.605201
"237",8047,990.4335,1.658654
"238",8049,1732.556,2.918072
"239",8051,1470.439,2.200597
"240",8053,1565.525,2.481067
"241",8055,1395.363,2.079933
"242",8059,971.7845,1.529412
"243",8063,1999.942,1.683198
"244",8065,2478.08,1.901869
"245",8067,1119.696,1.803051
"246",8069,1115.145,1.5
"247",8071,2500.435,4.834443
"248",8073,1882.519,1.737401
"249",8075,3042.282,2.555919
"250",8077,1079.455,1.5
"251",8081,3047.201,1.885627
"252",8083,1352.513,1.513606
"253",8085,1668.124,2.446517
"254",8087,3543.495,2.327656
"255",8089,2123.211,3.59328
"256",8093,946.7054,2.204249
"257",8097,2366.015,1.481447
"258",8099,2724.089,1.800075
"259",8101,1626.647,2.995652
"260",8103,2086.431,3.48117
"261",8105,1916.106,2.976614
"262",8107,2218.387,1.709661
"263",8113,1219.675,2.484108
"264",8117,1680.273,1.493087
"265",8119,849.8734,1.573237
"266",8121,3438.438,1.706512
"267",8123,1885.078,3.739482
"268",8125,2716.599,1.874094
"269",9001,1836.406,3.164914
"270",9003,1561.205,2.920056
"271",9005,1520.891,3.054545
"272",9007,1248.584,2.017647
"273",9009,1587.706,2.475978
"274",9011,1329.883,3.220503
"275",9013,1869.744,3.653114
"276",9015,1754.242,2.745439
"277",10001,1003.18,1.731239
"278",10003,1065.218,1.981615
"279",10005,1404.005,3.167781
"280",11001,1325.466,2.986755
"281",12001,1253.035,2.112677
"282",12003,938.2487,1.5
"283",12005,1977.206,3.180851
"284",12007,1159.998,2.271036
"285",12009,988.704,1.75
"286",12011,1148.522,2.338078
"287",12013,1699.955,2.479382
"288",12015,1138.23,1.958678
"289",12017,831.0081,1.618605
"290",12019,1217.31,1.960784
"291",12021,945.4089,3.030131
"292",12023,907.8691,2.158273
"293",12027,975.0939,1.772779
"294",12029,1180.436,1.608418
"295",12031,970.9885,1.545
"296",12033,902.5321,1.5
"297",12035,1676.188,4.581423
"298",12037,1269.755,3.105855
"299",12039,1514.525,1.767152
"300",12041,1069.859,1.59403
"301",12043,3224.272,8.407752
"302",12045,1931.306,4.780434
"303",12047,1256.881,4.894894
"304",12049,1266.231,2.5795
"305",12051,1208.371,1.784791
"306",12053,1130.003,1.675214
"307",12055,2011.489,7.624158
"308",12057,1032.905,2.004132
"309",12059,1077.382,2.422509
"310",12061,1200.922,3.202597
"311",12063,1499.266,3.214286
"312",12065,1639.147,2.611466
"313",12067,1348.411,3.853222
"314",12069,1400.591,4.892272
"315",12071,854.2938,1.644231
"316",12073,1386.779,2.346357
"317",12075,1115.229,1.809645
"318",12077,1245.124,1.692
"319",12079,1605.269,4.386555
"320",12081,887.5221,1.75
"321",12083,956.2144,1.657549
"322",12085,1020.757,2.640257
"323",12086,1367.528,2.400598
"324",12087,3186.752,4.621954
"325",12089,1319.222,2.778269
"326",12091,3019.546,6.510131
"327",12095,910.9034,1.900024
"328",12097,1209.542,4.274951
"329",12099,847.6882,1.946667
"330",12101,1005.057,1.827032
"331",12103,834.6627,1.652778
"332",12105,1507.063,2.202
"333",12107,1099.197,2
"334",12109,932.0073,1.653967
"335",12111,1580.135,3.475175
"336",12113,1181.756,1.875
"337",12115,883.1287,1.617769
"338",12117,959.2233,1.851744
"339",12119,901.7352,2.162353
"340",12121,1057.084,2.984267
"341",12123,1939.9,2.672008
"342",12127,1302.498,4.251302
"343",12131,2782.406,5.530935
"344",12133,1213.812,2.616071
"345",13001,1474.437,3.499322
"346",13003,1216.471,3.050848
"347",13007,2563.764,1.588538
"348",13009,1761.888,1.843836
"349",13011,1444.388,2.948686
"350",13013,1754.773,4.857682
"351",13015,1250.985,3.432381
"352",13017,1943.526,6.007212
"353",13019,1074.32,1.727885
"354",13021,1275.515,3.904555
"355",13025,1304.56,2.014583
"356",13027,1415.566,3.409092
"357",13029,934.1832,1.56
"358",13031,3640.588,2.689855
"359",13033,1415.549,2.741486
"360",13035,1455.046,5.5418
"361",13037,2572.736,1.640207
"362",13039,1305.446,2.166903
"363",13043,2766.857,5.640259
"364",13045,1223.765,2.518119
"365",13047,1511.118,3.645159
"366",13049,1105.4,1.885356
"367",13051,677.8538,1.063265
"368",13053,1394.036,3.532104
"369",13055,918.8212,1.5
"370",13057,1126.716,2.92433
"371",13059,2329.222,3.297182
"372",13061,1185.151,3.42375
"373",13063,798.1,1.70083
"374",13065,1337.755,3.6471
"375",13067,962.2582,2.085
"376",13069,1163.499,2.415254
"377",13071,2107.892,3.373829
"378",13073,1149.623,2.670965
"379",13075,1691.021,3.972487
"380",13077,1217.969,3.71
"381",13079,1729.002,6.013514
"382",13081,1797.683,2.449727
"383",13083,1369.144,3.346646
"384",13085,1584.709,4.166667
"385",13087,2375.125,1.975043
"386",13089,1092.61,3.332
"387",13091,1272.248,4.433547
"388",13095,2599.5,1.623446
"389",13097,852.2868,1.75
"390",13099,1707.079,3.994304
"391",13101,1234.89,2.96537
"392",13103,1092.013,2.65492
"393",13105,2116.976,2.793943
"394",13107,2273.269,6.861598
"395",13109,2456.547,6.588301
"396",13111,2077.017,7.200381
"397",13113,770.6263,1.104
"398",13115,1263.891,3.234286
"399",13117,1812.714,4.775017
"400",13119,1854.466,2.636603
"401",13121,1095.64,2.90708
"402",13123,1797.114,5.64768
"403",13125,1044.529,2.34609
"404",13127,1017.73,1.5
"405",13129,1593.981,4.622876
"406",13131,1920.186,1.840065
"407",13133,2047.766,3.460113
"408",13135,947.5989,2.022059
"409",13137,1312.241,2.371677
"410",13139,1111.983,2.353333
"411",13143,1392.039,2.860388
"412",13145,1662.615,2.331595
"413",13147,2044.252,2.204576
"414",13149,1438.219,3.66
"415",13151,805.0256,1.790415
"416",13153,2558.698,2.28046
"417",13155,2045.227,6.557988
"418",13157,1655.255,3.689006
"419",13159,778.0674,1.5
"420",13161,1846.029,2.954178
"421",13163,1331.264,2.401065
"422",13165,2069.895,4.658902
"423",13167,1545.964,1.607469
"424",13169,1811.558,3.409154
"425",13171,1584.791,5.2537
"426",13173,1070.127,3.171911
"427",13175,1551.34,5.418677
"428",13177,2663.408,1.644732
"429",13179,867.8547,1.88499
"430",13181,1337.343,2.995058
"431",13183,1668.754,4.052384
"432",13185,1231.009,3.960522
"433",13187,1165.014,3.896313
"434",13189,1268.698,2.813644
"435",13191,991.7474,1.5
"436",13193,2306.651,4.510657
"437",13195,2180.587,3.26438
"438",13197,1839.87,3.817391
"439",13199,1887.974,5.7
"440",13205,2525.821,1.604276
"441",13207,1273.317,3.904555
"442",13209,1907.07,6.663606
"443",13211,1242.758,4.643788
"444",13213,1401.126,4.677
"445",13215,1592.303,3.015714
"446",13217,869.0897,2.442953
"447",13219,2265.637,4.611929
"448",13221,2335.498,3.355705
"449",13223,1003.169,2.288
"450",13227,933.1998,1.75
"451",13229,1464.808,1.75
"452",13231,1577.971,4.78136
"453",13233,959.6448,1.5
"454",13235,1640.947,3.345399
"455",13237,2170.966,3.681576
"456",13239,1564.554,4.464286
"457",13241,2089.418,2.923077
"458",13243,2489.314,1.611679
"459",13245,1305.342,2.986689
"460",13247,905.4402,2.262582
"461",13249,3141.822,2.113962
"462",13251,3316.172,6.482103
"463",13253,2590.477,7.472839
"464",13255,1088.862,3.154
"465",13259,1888.455,4.347826
"466",13261,3128.664,2.149802
"467",13263,1513.585,3.738783
"468",13267,2254.516,7.103846
"469",13269,1747.385,4.950435
"470",13271,1524.266,4.869396
"471",13275,2005.998,1.688142
"472",13277,1267.198,3.338462
"473",13281,1033.845,1.612937
"474",13283,1793.268,4.869415
"475",13285,2402.949,1.794011
"476",13287,1077.142,1.30217
"477",13289,1207.822,3.381779
"478",13291,1920.289,5.106875
"479",13293,1761.333,6.028
"480",13295,1326.941,3.169059
"481",13297,1161.725,2.39026
"482",13299,1586.255,2.254106
"483",13301,1257.328,2.899418
"484",13303,1370.775,3.240661
"485",13305,1595.898,3.211708
"486",13307,2569.544,2.203276
"487",13309,2167.089,4.688963
"488",13311,1110.697,2.057692
"489",13313,1605.787,3.57905
"490",13315,1929.917,2.506685
"491",13317,1431.036,2.667162
"492",13319,1573.877,5.418655
"493",13321,2509.806,1.532316
"494",15001,1207.368,2.33703
"495",15003,1647.658,2.424977
"496",15007,2105.26,1.431624
"497",15009,1946.378,2.457123
"498",16001,1401.856,1.500005
"499",16003,1268.023,1.278323
"500",16005,1160.422,1.470588
"501",16007,1968.239,3.639148
"502",16011,1599.443,1.581006
"503",16013,2045.09,1.473782
"504",16015,1253.533,1.230164
"505",16017,1255.381,2.258438
"506",16019,1304.747,1.666968
"507",16021,1559.962,3.193563
"508",16027,1782.312,2.065993
"509",16035,1632.552,2.274582
"510",16039,1489.933,1.653173
"511",16041,1384.601,2.353407
"512",16043,1518.549,2.045981
"513",16047,2139.453,1.920521
"514",16049,1656.354,1.629219
"515",16051,1292.437,1.717472
"516",16053,2030.72,1.535233
"517",16055,1041.637,2.046137
"518",16057,1549.911,2.216347
"519",16065,1331.328,1.925538
"520",16067,1512.058,1.604118
"521",16069,1298.117,1.87743
"522",16071,1878.33,3.768299
"523",16073,1916.508,2.198202
"524",16075,1835.839,2.172437
"525",16077,1287.065,1.470588
"526",16079,1314.088,3.056859
"527",16081,2114.638,1.963118
"528",16083,1853.101,1.358016
"529",16085,1563.05,1.527689
"530",16087,2076.43,1.639617
"531",17001,2240.964,1.43803
"532",17003,2052.132,5.620667
"533",17005,1543.745,1.683077
"534",17007,1516.255,2.263035
"535",17011,2827.047,1.518715
"536",17013,1501.159,1.332417
"537",17015,3579.31,2.244599
"538",17017,2603.292,2.002586
"539",17019,3337.285,1.751712
"540",17021,2123.999,2.671108
"541",17025,2244.799,1.373984
"542",17027,1996.669,2.895509
"543",17029,2069.157,2.099843
"544",17031,2167.578,2.328175
"545",17033,3012.522,1.543314
"546",17035,2136.705,1.927018
"547",17037,2166.729,3.494615
"548",17039,1904.877,2.551516
"549",17041,2673.332,2.308459
"550",17043,1911.848,2.536608
"551",17045,3774.76,1.427645
"552",17047,2364.532,1.95714
"553",17049,2309.87,1.737696
"554",17051,2001.899,1.925617
"555",17053,4300.726,1.853279
"556",17055,3386.598,2.408063
"557",17057,2591.163,2.245259
"558",17059,2521.976,1.596974
"559",17061,1425.955,1.19353
"560",17063,2627.445,2.210007
"561",17065,3465.469,2.116151
"562",17067,2556.901,1.830526
"563",17073,1161.421,2.609524
"564",17075,1381.884,3.830163
"565",17077,3265.189,3.107599
"566",17081,3337.456,1.803211
"567",17083,1244.544,1.294208
"568",17085,1871.652,2.99787
"569",17087,2654.055,3.3637
"570",17089,1597.035,2.766798
"571",17091,1212.47,2.636614
"572",17093,2102.316,2.993799
"573",17095,2243.783,2.125059
"574",17097,2167.433,3.186911
"575",17099,2897.473,1.633641
"576",17101,2530.885,1.54264
"577",17103,3043.036,1.868417
"578",17105,2719.854,1.927095
"579",17107,2026.965,2.351295
"580",17109,3090.296,1.482885
"581",17111,2737.005,1.847513
"582",17113,2185.956,1.625724
"583",17115,1577.715,2.039582
"584",17117,1511.554,1.287094
"585",17119,1231.248,1.289981
"586",17121,2276.089,2.109534
"587",17123,1856.983,2.206512
"588",17125,1884.444,2.313
"589",17127,1737.573,2.227132
"590",17129,2109.102,2.859847
"591",17131,977.6483,2.135381
"592",17133,1231.292,1.626994
"593",17135,2660.328,3.14135
"594",17137,2425.305,2.39335
"595",17139,1643.572,2.242781
"596",17141,1796.375,2.737278
"597",17143,1865.927,2.198139
"598",17145,2697.285,2.366893
"599",17147,2667.476,2.17536
"600",17151,1314.1,3.847
"601",17155,2501.467,1.335169
"602",17157,1644.269,2.098065
"603",17159,2875.258,2.251894
"604",17161,749.488,1.664905
"605",17163,1078.217,1.912857
"606",17165,2291.958,1.536099
"607",17167,2413.754,3.313107
"608",17169,4156.689,2.230376
"609",17171,2216.791,1.669089
"610",17173,2037.378,2.757624
"611",17175,1959.394,2.080549
"612",17177,2753.295,1.841331
"613",17179,1830.311,2.129317
"614",17181,2892.376,7.153167
"615",17183,2303.059,5.815984
"616",17185,2436.978,1.463727
"617",17187,2549.112,2.13915
"618",17189,1483.931,1.644399
"619",17191,2447.458,2.938762
"620",17193,2507.217,1.230204
"621",17195,2656.211,6.564546
"622",17197,2363.963,3.201449
"623",17199,3544.027,2.299884
"624",17201,1407.71,2.059979
"625",17203,1829.768,2.158451
"626",18001,2413.656,1.997036
"627",18003,2373.949,1.75608
"628",18005,2637.963,1.732475
"629",18007,2600.487,1.689396
"630",18009,2192.819,5.56161
"631",18011,2700.851,4.649376
"632",18013,2572.958,2.348831
"633",18015,2825.429,1.389175
"634",18017,2487.466,1.647034
"635",18019,1036.438,2.45012
"636",18021,3452.276,1.284028
"637",18023,2975.712,3.076079
"638",18025,1878.451,3.794116
"639",18027,2470.492,1.608575
"640",18029,1479.565,4.798287
"641",18031,2692.058,1.847865
"642",18033,2577.664,1.762011
"643",18035,2097.997,4.776557
"644",18037,2288.813,1.425298
"645",18039,1760.479,2.503907
"646",18041,2504.953,4.033984
"647",18043,1015.87,2.441624
"648",18045,2034.583,2.820492
"649",18047,2080.085,2.640218
"650",18049,2623.47,1.715514
"651",18051,2461.957,1.335556
"652",18053,2238.745,2.675411
"653",18055,2161.14,3.810938
"654",18057,2083.051,4.696456
"655",18059,2657.149,1.587449
"656",18061,1248.618,2.745856
"657",18063,2806.539,1.977839
"658",18065,2278.647,3.650662
"659",18069,2000.899,2.442853
"660",18071,2881.834,2.182226
"661",18073,1791.33,4.283098
"662",18077,2364.446,1.601344
"663",18079,3149.767,1.75489
"664",18081,2645.673,1.328672
"665",18083,2245.337,1.275477
"666",18085,2359.373,1.483511
"667",18087,2466.342,1.650491
"668",18089,2175.003,1.763345
"669",18091,2903.861,2.136487
"670",18093,3261.839,2.701507
"671",18095,2972.516,2.076965
"672",18097,2680.847,2.386767
"673",18099,1856.046,2.234201
"674",18101,2329.024,1.635046
"675",18103,3077.789,1.946193
"676",18105,1605.509,3.326087
"677",18107,2068.365,2.024889
"678",18109,2907.188,1.502663
"679",18111,1854.71,2.174789
"680",18113,2845.811,1.579461
"681",18115,1925.987,6.124347
"682",18117,2632.192,2.400592
"683",18119,2302.226,2.242259
"684",18121,2930.572,1.561562
"685",18123,1957.796,2.986212
"686",18125,2586.299,1.531363
"687",18127,1884.43,3.457592
"688",18129,2457.139,1.31953
"689",18131,2602.167,1.60723
"690",18133,2780.562,1.60527
"691",18135,2700.748,4.362576
"692",18137,2292.365,1.78283
"693",18139,2709.783,1.367137
"694",18141,1215.011,2.147673
"695",18145,2975.553,1.466958
"696",18147,2284.875,1.523791
"697",18149,2942.775,2.247921
"698",18151,2755.761,1.481197
"699",18153,3305.668,1.301165
"700",18155,2424.104,1.91006
"701",18157,2795.655,1.315052
"702",18159,2849.191,2.443607
"703",18163,2427.69,1.368293
"704",18165,3097.439,1.282287
"705",18167,3384.668,1.286929
"706",18169,2573.289,1.93486
"707",18171,2612.768,1.633094
"708",18173,2413.594,1.325678
"709",18175,1277.313,2.980264
"710",18177,2822.758,1.493846
"711",18179,2467.02,1.899002
"712",18181,2164.732,1.818333
"713",18183,2385.145,1.677345
"714",19001,1871.47,2.526071
"715",19003,2798.713,2.338968
"716",19005,2525.269,1.716764
"717",19007,3438.53,2.287116
"718",19009,3042.668,2.70354
"719",19011,2365.807,1.882062
"720",19013,1566.281,1.88403
"721",19015,2435.313,2.266987
"722",19017,1956.76,2.810912
"723",19019,1963.504,1.696944
"724",19023,1881.678,2.3373
"725",19027,2928.189,1.353063
"726",19029,3142.273,3.276901
"727",19031,1802.268,3.95157
"728",19033,1935.314,2.410708
"729",19035,2366.586,1.498295
"730",19037,2973.505,2.70996
"731",19039,1814.185,1.841347
"732",19041,2862.613,1.484091
"733",19043,2441.625,3.219027
"734",19045,2952.345,3.673546
"735",19047,2592.469,2.529691
"736",19049,1672.829,3.981887
"737",19055,2217.263,1.979064
"738",19057,3310.056,1.801585
"739",19059,3005.063,1.542716
"740",19061,1093.897,1.118545
"741",19063,3004.563,1.531499
"742",19065,1935.589,2.201843
"743",19069,2162.261,1.348018
"744",19071,2011.628,2.113199
"745",19073,2765.832,1.283956
"746",19075,1703.317,1.837409
"747",19077,2041.373,2.115981
"748",19079,2434.28,1.139673
"749",19081,2472.562,2.227041
"750",19083,2174.76,1.389632
"751",19085,2474.474,2.331392
"752",19089,3110.058,2.458049
"753",19095,2994.127,1.532065
"754",19097,1543.325,2.261139
"755",19099,2350.955,1.972575
"756",19101,2458.725,1.47559
"757",19103,2692.94,1.560643
"758",19105,2312.097,2.119764
"759",19107,2782.686,1.614049
"760",19109,2136.746,1.321921
"761",19111,2461.493,2.504135
"762",19113,2398.609,1.574467
"763",19115,2586.122,1.572526
"764",19117,1616.964,3.533773
"765",19119,3115.536,1.596199
"766",19121,1642.995,2.569796
"767",19123,2786.597,2.105693
"768",19125,2110.178,2.202901
"769",19127,2112.439,1.47139
"770",19129,2044.357,1.692588
"771",19131,2056.313,1.929497
"772",19133,2444.011,2.016396
"773",19137,2142.418,2.310478
"774",19139,2030.332,3.259753
"775",19141,2747.177,1.395062
"776",19145,2514.916,1.515128
"777",19149,2392.781,1.928456
"778",19153,1686.748,5.886449
"779",19155,2101.457,1.867056
"780",19157,3716.64,2.491729
"781",19161,2277.656,1.916309
"782",19163,888.3931,1.5
"783",19165,2198.011,2.169475
"784",19167,2709.229,1.62899
"785",19169,2414.954,1.130651
"786",19171,1658.9,2.104919
"787",19175,2558.245,1.404203
"788",19179,2043.166,1.753998
"789",19181,1628.486,4.674245
"790",19183,2698.836,1.400549
"791",19187,1941.495,1.883231
"792",19189,1858.621,1.742718
"793",19191,2478.501,1.722364
"794",19193,2182.203,2.034085
"795",19195,2186.661,1.858185
"796",19197,2854.321,1.431016
"797",20001,2151.401,1.605053
"798",20003,1933.07,1.376397
"799",20005,1583.115,2.63249
"800",20009,2163.607,1.566713
"801",20011,2105.694,1.410656
"802",20013,1913.945,1.569208
"803",20015,1561.49,3.512897
"804",20021,2100.137,1.84415
"805",20027,1832.672,1.371408
"806",20029,1415.708,1.424946
"807",20031,1533.397,1.59451
"808",20035,1538.516,1.610979
"809",20037,2390.574,1.622214
"810",20039,1542.237,2.210545
"811",20041,2657.382,2.692823
"812",20043,1966.628,1.759774
"813",20045,1933.99,1.249306
"814",20051,1569.892,2.530931
"815",20055,2143.152,2.091294
"816",20059,1675.171,1.449388
"817",20067,3881.754,2.121659
"818",20073,2383.691,3.422606
"819",20079,1164.647,2.452881
"820",20083,2392.947,1.496325
"821",20085,787.8773,1.5
"822",20087,1481.383,3.81997
"823",20091,1294.546,3.514451
"824",20095,960.0468,2.125405
"825",20099,1683.589,1.590563
"826",20103,1441.289,2.452906
"827",20107,1947.881,2.503341
"828",20109,2352.976,1.743217
"829",20111,1964.932,1.719222
"830",20113,1318.232,1.401127
"831",20115,1615.521,1.801086
"832",20117,1477.879,1.195845
"833",20119,2745.81,2.262235
"834",20121,1455.349,2.241784
"835",20125,1710.097,1.851568
"836",20127,1379.704,1.314656
"837",20133,2802.124,1.807922
"838",20139,705.3804,1.5
"839",20143,1701.899,1.504004
"840",20149,2076.861,1.766474
"841",20151,2826.224,1.741751
"842",20155,1091.462,2.428492
"843",20159,924.4747,1.286585
"844",20161,1783.144,1.609716
"845",20167,1501.616,2.321964
"846",20169,1855.267,1.911836
"847",20173,943.1266,1.73261
"848",20175,3784.875,2.230883
"849",20177,696.9231,1.446569
"850",20189,2709.994,2.954267
"851",20191,1164.194,2.560576
"852",20193,2019.844,1.303712
"853",20197,926.4406,2.24522
"854",20205,1853.259,1.992071
"855",20209,1227.71,3.346821
"856",21001,1826.154,2.416362
"857",21003,2524.619,2.53409
"858",21005,1929.388,3.331288
"859",21007,1192.473,1.800181
"860",21009,2552.197,2.590992
"861",21011,1419.382,2.486786
"862",21013,1499.787,4.277878
"863",21015,860.2059,1.586429
"864",21017,1265.659,2.398571
"865",21019,3550.278,1.902604
"866",21021,1111.046,1.958877
"867",21023,1208.129,4.048523
"868",21027,1450.704,2.037121
"869",21029,1131.707,1.612422
"870",21031,2355.798,2.861929
"871",21033,1835.546,2.085624
"872",21035,2233.745,2.021606
"873",21037,891.4731,1.780595
"874",21039,1381.436,1.893923
"875",21041,1906.082,2.748814
"876",21043,3531.612,1.974355
"877",21045,1776.305,2.222324
"878",21047,1756.223,1.40083
"879",21049,1048.462,2.103333
"880",21051,1460.595,3.836999
"881",21053,1533.099,2.528747
"882",21055,1792.683,2.325577
"883",21059,1128.84,2.632727
"884",21061,2467.432,2.490562
"885",21063,2541.149,2.480353
"886",21065,1290.86,2.380708
"887",21067,1052.12,2.125217
"888",21069,1553.923,2.070134
"889",21071,1582.842,3.250919
"890",21075,1322.37,3.2472
"891",21077,967.2469,1.68667
"892",21079,1273.867,2.38077
"893",21081,998.5826,1.75074
"894",21083,1524.955,2.536421
"895",21085,1490.727,2.11561
"896",21087,1642.088,1.437599
"897",21089,3593.023,1.900297
"898",21091,1396.45,3.451091
"899",21093,1355.468,1.707062
"900",21095,2312.044,3.008948
"901",21097,1684.429,3.990371
"902",21099,1657.427,2.09402
"903",21101,1475.458,3.662865
"904",21103,1663.125,2.79779
"905",21105,1983,2.713755
"906",21107,1528.139,1.933017
"907",21109,1087.583,2.062609
"908",21111,1140.621,1.582829
"909",21113,1087.787,2.125217
"910",21115,2221.582,6.680587
"911",21117,863.3272,1.622134
"912",21119,2230.038,5.967866
"913",21121,1388.97,3.046108
"914",21123,1356.928,1.612509
"915",21125,1501.67,3.692571
"916",21127,3972.02,2.482627
"917",21129,1138.77,2.050435
"918",21131,2058.24,5.089904
"919",21133,2255.86,4.933948
"920",21135,2098.301,2.327439
"921",21137,1342.681,1.997737
"922",21139,1558.9,2.266827
"923",21141,2531.405,2.322699
"924",21143,1357.902,2.095013
"925",21145,1332.715,2.3688
"926",21147,2267.251,3.058666
"927",21149,1024.318,2.552709
"928",21151,1197.01,2.095262
"929",21153,1305.725,1.818922
"930",21155,1564.671,1.882401
"931",21157,1288.035,2.393204
"932",21159,1165.734,1.82
"933",21161,1463.071,4.449363
"934",21163,1166.437,1.935949
"935",21165,1120.257,1.968748
"936",21167,1418.152,3.055
"937",21169,2478.844,2.742273
"938",21171,2366.959,2.721835
"939",21173,1174.01,1.939066
"940",21175,1560.448,1.824788
"941",21177,1231.686,2.170147
"942",21179,1403.608,1.827229
"943",21181,1953.375,4.283681
"944",21183,1302.955,2.823691
"945",21185,1292.719,1.566667
"946",21187,1731.714,4.161252
"947",21191,952.5553,1.855
"948",21193,2478.712,5.697256
"949",21195,1974.733,4.803194
"950",21197,1310.125,2.5297
"951",21199,2309.094,3.058666
"952",21203,858.357,2.014364
"953",21205,2718.014,3.350793
"954",21207,1883.347,2.027991
"955",21211,1478.96,1.774233
"956",21213,2393.171,2.214149
"957",21215,1173.381,1.647245
"958",21219,1319.96,2.599279
"959",21221,1263.394,1.98461
"960",21223,1748.293,2.558619
"961",21225,1983.904,2.290224
"962",21227,2300.572,2.54892
"963",21229,1365.147,1.730516
"964",21231,1772.867,2.10623
"965",21233,1784.18,2.878372
"966",21235,1452.917,3.292174
"967",21237,1110.511,1.938593
"968",21239,2090.499,3.266264
"969",22001,1036.667,2.80846
"970",22003,1587.635,2.490662
"971",22005,1127.416,1.555936
"972",22007,773.3268,2.056738
"973",22009,2329.923,3.227405
"974",22011,1695.796,4.059122
"975",22013,1095.683,1.76793
"976",22015,1021.107,2.171
"977",22017,1038.166,2.204877
"978",22019,1349.139,2.643785
"979",22021,1087.477,1.44964
"980",22023,1040.378,1.742115
"981",22025,959.6208,2.461197
"982",22027,948.3027,1.964912
"983",22029,1094.317,2.947823
"984",22031,1312.335,3.360526
"985",22033,1094.096,1.59748
"986",22035,985.9515,2.989915
"987",22037,1086.915,1.706091
"988",22039,1596.403,2.439054
"989",22041,963.8563,1.5
"990",22043,2166.859,3.647446
"991",22045,1033.841,1.885321
"992",22047,1041.306,1.629905
"993",22049,1059.037,1.940678
"994",22051,1076.396,3.104854
"995",22053,1513.294,3.448293
"996",22055,948.8248,1.5
"997",22057,991.5967,3.181016
"998",22059,1812.435,3.545369
"999",22061,972.3057,1.665254
"1000",22063,1318.58,1.937724
"1001",22065,1372.062,2.256806
"1002",22067,1169.063,1.89149
"1003",22069,1042.606,2.538235
"1004",22071,1184.865,3.504163
"1005",22073,960.9166,1.35212
"1006",22075,1108.579,3.085774
"1007",22077,1013.977,1.56632
"1008",22079,2232.43,3.02459
"1009",22081,1149.33,1.579591
"1010",22083,989.405,1.850847
"1011",22085,1447.687,2.469402
"1012",22087,1274.955,3.270141
"1013",22089,1224.464,3.29202
"1014",22091,1344.534,2.226667
"1015",22093,1009.352,2.758476
"1016",22095,1263.314,3.214244
"1017",22097,1391.373,2.944326
"1018",22099,1025.916,2.061358
"1019",22101,1175.032,2.226732
"1020",22103,1367.965,2.91258
"1021",22105,1567.135,2.559987
"1022",22107,1415.099,3.332403
"1023",22109,1209.526,2.875971
"1024",22111,915.607,1.26618
"1025",22113,853.6887,1.723624
"1026",22115,2084.06,3.994796
"1027",22117,1145.33,3.289828
"1028",22119,1116.352,2.388351
"1029",22121,1017.813,1.577406
"1030",22123,1222.329,2.873434
"1031",22125,1006.581,1.584478
"1032",22127,1398.561,2.266393
"1033",23001,1843.92,1.538335
"1034",23003,2152.635,3.706581
"1035",23005,1091.078,2.101917
"1036",23007,1851.573,1.55768
"1037",23009,2932.171,1.571793
"1038",23011,1938.133,1.415636
"1039",23013,1857.453,1.423925
"1040",23015,2193.136,1.765078
"1041",23017,1706.754,1.63745
"1042",23019,2804.388,1.272872
"1043",23021,2949.719,1.668106
"1044",23023,1817.199,1.603875
"1045",23025,1820.739,1.597809
"1046",23027,2000.764,1.797486
"1047",23029,2872.192,1.499097
"1048",23031,2242.215,2.144432
"1049",24001,1089.446,2.696759
"1050",24003,669.7096,1.5
"1051",24005,774.3495,1.7477
"1052",24009,990.4057,2.912937
"1053",24011,1295.381,2.127273
"1054",24013,809.1787,1.574118
"1055",24015,1112.27,2.223859
"1056",24017,766.4642,1.563901
"1057",24019,1557.993,2.143421
"1058",24021,868.9712,1.5
"1059",24023,1384.839,1.798895
"1060",24025,633.6364,1.492908
"1061",24027,691.0288,1.578759
"1062",24029,1206.638,2.375432
"1063",24031,995.073,1.698238
"1064",24033,1011.96,2.441366
"1065",24035,787.5593,2.025091
"1066",24037,699.9936,1.724227
"1067",24039,1062.946,3.426824
"1068",24041,1341.613,2.006551
"1069",24043,958.7621,1.230968
"1070",24045,755.9636,1.931538
"1071",24047,1179.373,2.492854
"1072",24510,957.384,3.019155
"1073",25001,1369.766,3.791054
"1074",25003,2163.385,2.542092
"1075",25005,1238.673,2.796117
"1076",25007,3677.576,2.973041
"1077",25009,1622.377,2.135302
"1078",25011,1604.407,3.94212
"1079",25013,1294.593,2.536178
"1080",25015,1411.057,2.309688
"1081",25017,1494.379,2.39311
"1082",25019,1725.907,1.233316
"1083",25021,1518.817,2.307249
"1084",25023,1146.113,3.259639
"1085",25025,1831.606,1.560275
"1086",25027,1486.221,2.876446
"1087",26003,2989.595,1.455163
"1088",26005,1917.888,1.474556
"1089",26009,1342.335,1.889462
"1090",26011,1318.674,2.574943
"1091",26015,1445.48,1.909808
"1092",26017,1697.684,3.345052
"1093",26019,1379.554,1.609953
"1094",26021,1328.991,2.786559
"1095",26023,2354.609,2.025962
"1096",26025,1827.87,5.042572
"1097",26027,1567.165,2.545838
"1098",26029,1909.194,1.674695
"1099",26031,1461.942,1.539765
"1100",26033,2193.535,1.875741
"1101",26037,1823.876,1.602875
"1102",26039,1297.686,2.178139
"1103",26041,3366.095,1.701295
"1104",26043,2313.233,1.42633
"1105",26045,1669.667,1.628883
"1106",26047,1533.383,1.391246
"1107",26049,1525.894,3.66523
"1108",26051,1016.118,1.595654
"1109",26053,1982.901,1.89169
"1110",26055,1135.583,1.587107
"1111",26057,1515.056,2.210125
"1112",26059,2169.404,2.359671
"1113",26061,2371.354,1.498397
"1114",26063,2429.714,1.803574
"1115",26065,1882.789,1.630467
"1116",26067,1542.284,1.999023
"1117",26069,1346.829,1.925449
"1118",26071,3043.704,2.096678
"1119",26073,1675.5,2.310886
"1120",26075,2114.006,4.104363
"1121",26077,1364.799,1.984795
"1122",26079,1206.267,1.497598
"1123",26081,1187.278,2.055745
"1124",26085,1866.5,1.453015
"1125",26087,1334.452,2.800681
"1126",26089,1106.307,1.480466
"1127",26091,1823.47,3.39572
"1128",26093,1907.855,3.746924
"1129",26099,1406.342,3.772144
"1130",26101,1801.739,2.43419
"1131",26103,2275.64,1.644493
"1132",26105,2327.327,1.235384
"1133",26107,1628.611,1.908083
"1134",26109,2423.986,1.398212
"1135",26111,944.8719,1.535437
"1136",26113,1806.565,3.33115
"1137",26115,1577.288,3.63167
"1138",26117,1895.73,2.191255
"1139",26119,1476.144,1.577558
"1140",26121,1891.511,1.890333
"1141",26123,1973.819,2.128399
"1142",26125,1503.918,3.792443
"1143",26127,1872.072,1.678834
"1144",26129,1359.1,1.91178
"1145",26131,2471.178,1.975113
"1146",26133,2107.235,2.139652
"1147",26137,1428.168,1.751887
"1148",26139,1600.495,2.047298
"1149",26141,2176.698,1.768644
"1150",26143,1021.545,1.715429
"1151",26145,1317.022,2.668657
"1152",26147,1457.236,2.110965
"1153",26149,1644.287,2.148828
"1154",26151,1639.236,2.317788
"1155",26153,2521.624,2.123063
"1156",26155,1964.568,1.779609
"1157",26157,1408.316,2.597343
"1158",26159,1564.976,2.271501
"1159",26161,1805.387,2.605413
"1160",26163,2168.813,2.707091
"1161",26165,1470.79,2.17786
"1162",27001,2649.815,1.825017
"1163",27003,1328.286,2.457401
"1164",27005,1885.7,1.69382
"1165",27009,1733.312,1.644221
"1166",27013,2580.767,1.697193
"1167",27015,2837.264,1.80824
"1168",27017,2940.622,1.878276
"1169",27019,1487.199,1.729256
"1170",27021,2198.96,1.414889
"1171",27023,2394.61,3.037489
"1172",27025,1966.76,2.312396
"1173",27027,1553.444,1.244382
"1174",27033,2789.024,1.2435
"1175",27035,2320.505,1.511139
"1176",27037,1202.082,2.314464
"1177",27039,2411.22,1.427906
"1178",27041,2072.825,1.619887
"1179",27045,2943.022,1.967695
"1180",27047,2213.004,1.80587
"1181",27049,2228.828,1.85025
"1182",27053,1317.743,2.288308
"1183",27055,2667.698,1.603463
"1184",27057,2501.118,2.065291
"1185",27059,1732.13,2.184688
"1186",27061,2860.262,2.097723
"1187",27063,3090.832,1.525987
"1188",27065,2093.268,1.457354
"1189",27067,1741.289,3.181076
"1190",27071,2685.716,1.725999
"1191",27079,1958.162,2.368905
"1192",27083,2489.83,1.229479
"1193",27085,2080.919,1.454506
"1194",27089,1828.141,1.594391
"1195",27091,1476.724,1.43951
"1196",27093,2022.472,1.373658
"1197",27095,1895.265,1.272416
"1198",27097,1881.359,1.507588
"1199",27103,2780.518,1.656698
"1200",27107,1850.804,2.202655
"1201",27109,2472.401,1.65667
"1202",27111,1967.459,1.68413
"1203",27115,2139.972,1.470648
"1204",27119,1149.662,1.937665
"1205",27121,1942.987,1.432349
"1206",27123,1079.861,1.766667
"1207",27129,2291.49,3.420698
"1208",27131,1817.011,1.965565
"1209",27137,2495.364,2.261142
"1210",27139,1384.424,2.45978
"1211",27141,1620.716,1.663063
"1212",27143,2776.09,2.435941
"1213",27145,1729.204,1.4401
"1214",27147,2908.772,1.388479
"1215",27151,2297.997,1.817735
"1216",27153,1921.726,1.560184
"1217",27157,2182.289,1.750424
"1218",27159,2593.636,1.472276
"1219",27161,2547.411,1.756491
"1220",27163,1187.878,2.04058
"1221",27165,2811.964,2.739432
"1222",27169,3296.723,1.844302
"1223",27171,1591.01,1.917198
"1224",27173,2297.226,1.712716
"1225",28003,1488.552,4.303141
"1226",28005,1481.852,2.47225
"1227",28007,962.8373,1.587379
"1228",28009,1593.622,3.167862
"1229",28011,2303.025,1.905447
"1230",28013,1895.699,3.215729
"1231",28015,1624.711,3.62396
"1232",28017,1640.269,2.897186
"1233",28019,1479.651,2.562029
"1234",28021,1345.204,2.006806
"1235",28023,1004.368,2.754128
"1236",28025,1760.415,1.863418
"1237",28027,1902.605,2.251908
"1238",28029,1052.874,2.589864
"1239",28031,716.0772,1.351416
"1240",28033,808.4514,1.905656
"1241",28035,740.0087,1.458425
"1242",28037,1307.063,2.679256
"1243",28041,990.7577,1.790323
"1244",28043,1558.077,2.804627
"1245",28045,1194.798,2.289782
"1246",28047,1560.303,2.632558
"1247",28049,1000.038,1.502913
"1248",28051,962.7083,1.587379
"1249",28057,1349.58,2.126529
"1250",28059,940.2405,1.5
"1251",28061,793.5935,1.5
"1252",28063,1323.432,2.75735
"1253",28065,874.974,1.54869
"1254",28067,720.3511,1.5
"1255",28069,1127.069,2.680357
"1256",28071,1788.998,2.210629
"1257",28073,740.0148,1.345238
"1258",28075,1125.601,2.680357
"1259",28077,915.075,1.733945
"1260",28081,1359.911,2.108557
"1261",28083,1992.904,4.181105
"1262",28085,1562.205,3.297861
"1263",28087,1624.176,2.906667
"1264",28089,744.8424,1.252427
"1265",28091,736.1436,1.340142
"1266",28093,880.2023,1.740759
"1267",28095,2273.77,2.39144
"1268",28099,938.5495,2.709903
"1269",28101,955.05,2.68033
"1270",28105,1603.391,2.391227
"1271",28107,1784.659,2.214318
"1272",28109,1117.4,2.557789
"1273",28113,1672.132,2.270428
"1274",28115,1213.84,1.931414
"1275",28117,1652.95,3.996
"1276",28119,1646.59,3.402941
"1277",28121,837.9754,1.407767
"1278",28123,904.4111,1.502913
"1279",28127,867.4387,1.500971
"1280",28129,793.3677,1.614854
"1281",28131,1338.253,2.412699
"1282",28133,1701.934,3.799767
"1283",28137,864.213,1.905656
"1284",28139,1637.308,3.335457
"1285",28141,1488.847,2.897114
"1286",28143,860.226,1.905656
"1287",28145,1782.543,3.550486
"1288",28147,946.3627,1.723009
"1289",28149,1346.221,3.072073
"1290",28151,1926.066,1.984722
"1291",28153,817.7313,1.524194
"1292",28155,1361.9,2.373971
"1293",28157,987.3795,1.683548
"1294",28159,1143.828,3.096696
"1295",28161,1874.578,1.941482
"1296",28163,1046.48,2.11165
"1297",29001,2773.292,2.699255
"1298",29003,2158.765,1.841377
"1299",29005,1987.153,1.669265
"1300",29009,2072.375,1.582381
"1301",29011,1897.381,1.619406
"1302",29013,1757.474,1.716293
"1303",29015,2092.397,1.52739
"1304",29019,999.0367,1.664495
"1305",29021,2161.048,1.806802
"1306",29023,1918.35,3.62145
"1307",29025,1606.527,5.54505
"1308",29027,1051.139,1.802215
"1309",29029,1738.647,1.674587
"1310",29031,1942.155,5.061983
"1311",29033,1707.816,2.734712
"1312",29037,1544.857,2.042776
"1313",29039,2066.933,1.595717
"1314",29041,1420.116,3.017101
"1315",29043,2143.044,1.622498
"1316",29047,1167.012,3.311858
"1317",29049,1411.073,3.468401
"1318",29051,1206.25,2.455714
"1319",29053,1483.627,2.705646
"1320",29055,1617.27,1.754288
"1321",29057,2241.876,1.76723
"1322",29061,2484.396,2.482305
"1323",29063,2181.239,2.503501
"1324",29065,2573.878,1.722265
"1325",29069,1847.678,3.799993
"1326",29071,1208.01,1.633408
"1327",29073,1510.129,1.556278
"1328",29077,2120.1,1.541888
"1329",29079,1581.224,4.092199
"1330",29083,1946.482,1.501652
"1331",29085,1835.57,1.916987
"1332",29089,1052.041,1.853754
"1333",29091,2203.044,1.785149
"1334",29093,1299.093,1.82282
"1335",29095,1492.902,2.367998
"1336",29097,1662.892,1.583427
"1337",29099,1288.068,1.649989
"1338",29101,1554.372,2.135504
"1339",29105,2470.417,1.789008
"1340",29107,1712.82,1.860544
"1341",29109,2210.379,1.556772
"1342",29113,1388.761,1.711828
"1343",29117,1754.092,2.495887
"1344",29119,1735.941,1.943196
"1345",29121,2082.579,4.466808
"1346",29123,1248.478,2.970453
"1347",29125,1739.679,3.201429
"1348",29127,1912.762,1.963083
"1349",29129,1747.588,2.536561
"1350",29131,1486.516,1.771105
"1351",29133,1848.146,4.152381
"1352",29135,1449.133,2.711429
"1353",29137,974.3508,1.664479
"1354",29139,1330.851,2.365204
"1355",29141,1529.089,2.345934
"1356",29143,3443.188,5.971096
"1357",29145,1793.032,1.598838
"1358",29147,2477.733,1.594054
"1359",29149,2022.895,4.248556
"1360",29151,1447.414,2.707572
"1361",29155,2069.75,4.4975
"1362",29157,1365.313,1.499963
"1363",29159,1372.78,1.890955
"1364",29161,2379.907,1.893669
"1365",29163,1812.579,1.719585
"1366",29165,1277.876,3.362453
"1367",29167,2045.876,1.687275
"1368",29169,2825.13,2.331832
"1369",29171,2604.693,2.821532
"1370",29173,1706.641,1.836608
"1371",29175,1866.51,4.304642
"1372",29177,1209.875,2.603391
"1373",29179,1912.216,2.62663
"1374",29181,2310.13,6.376901
"1375",29183,1297.953,1.371094
"1376",29185,2308.182,2.306196
"1377",29186,1230.081,1.594779
"1378",29187,1411.841,1.94065
"1379",29189,1200.237,1.883224
"1380",29195,1257.424,1.717731
"1381",29201,1917.651,5.0836
"1382",29203,2067.537,1.424688
"1383",29205,936.7333,2.046108
"1384",29207,1976.425,4.717042
"1385",29209,2062.915,1.727867
"1386",29213,1948.448,1.645003
"1387",29215,2254.251,2.018158
"1388",29217,2653.444,2.004404
"1389",29219,1307.996,1.620255
"1390",29221,1291.954,1.86074
"1391",29223,2253.648,6.61229
"1392",29225,2100.643,1.531683
"1393",29229,2162.888,1.539024
"1394",29510,1330.204,1.5094
"1395",30001,1993.934,1.982222
"1396",30007,1437.044,1.415541
"1397",30013,1323.549,1.793943
"1398",30029,2466.145,2.430391
"1399",30031,1494.619,1.212214
"1400",30041,2154.5,1.482691
"1401",30043,1555.729,1.631804
"1402",30047,2231.062,2.254904
"1403",30049,1468.248,1.495654
"1404",30053,1189.064,2.708166
"1405",30057,1576.116,1.217245
"1406",30063,2034.636,1.493728
"1407",30067,1750.486,1.843138
"1408",30081,2061.889,1.784808
"1409",30083,1543.44,1.350626
"1410",30089,1512.027,1.587871
"1411",30093,2098.989,1.997709
"1412",30095,1298.111,1.552011
"1413",30111,1559.605,1.516356
"1414",31001,1954.76,2.392667
"1415",31019,1655.52,2.133127
"1416",31021,2579.547,2.14124
"1417",31023,2415.126,1.698761
"1418",31025,1648.654,1.806073
"1419",31027,2514.6,2.053695
"1420",31033,3186.907,3.079365
"1421",31035,2160.932,1.673868
"1422",31037,2232.027,1.919998
"1423",31039,2495.051,1.358194
"1424",31041,2414.906,1.659042
"1425",31043,2278.279,2.041971
"1426",31047,2020.405,3.151039
"1427",31051,2057.593,2.188983
"1428",31053,1582.745,2.143017
"1429",31055,1663.906,1.58389
"1430",31067,2602.899,5.465728
"1431",31073,2160.558,2.728784
"1432",31079,1492.454,1.837682
"1433",31081,1680.001,1.871592
"1434",31083,2094.235,1.634977
"1435",31089,1834.206,1.242158
"1436",31093,2032.067,2.949455
"1437",31099,1476.987,1.886721
"1438",31107,2853.092,2.304707
"1439",31109,1129.704,1.1868
"1440",31111,1721.79,1.55959
"1441",31119,1065.769,1.837684
"1442",31121,2632.353,1.992157
"1443",31125,2286.756,1.469062
"1444",31127,2104.293,3.163998
"1445",31131,1474.193,1.654631
"1446",31135,2490.367,1.56629
"1447",31141,1978.1,1.485885
"1448",31143,2477.166,1.564064
"1449",31147,2194.905,2.319817
"1450",31151,1651.245,3.471767
"1451",31153,1711.004,1.73914
"1452",31155,1529.921,2.214115
"1453",31157,2294.226,1.511684
"1454",31159,1373.103,2.338431
"1455",31163,1910.403,2.446539
"1456",31165,2070.004,1.467144
"1457",31177,1808.647,1.832079
"1458",31179,1926.892,3.335974
"1459",31185,1306.344,2.443898
"1460",32001,1455.597,2.965429
"1461",32003,1088.694,2.827044
"1462",32005,1155.417,1.5
"1463",32007,1805.64,1.452798
"1464",32011,1856.604,3.774191
"1465",32013,1374.742,1.936748
"1466",32019,1067.835,1.274552
"1467",32023,1350.138,3.105802
"1468",32027,1305.421,1.974603
"1469",32029,842.4362,1.575
"1470",32031,850.832,1.575
"1471",32510,998.563,1.274536
"1472",33001,2246.456,2.79987
"1473",33003,2117.62,2.240643
"1474",33005,2258.551,1.672773
"1475",33007,2887.946,2.56506
"1476",33009,2146.94,1.853525
"1477",33011,2300.81,2.171311
"1478",33013,1904.125,2.645365
"1479",33015,2493.67,2.233478
"1480",33017,2607.842,1.535697
"1481",33019,2148.24,1.732583
"1482",34001,1512.126,2.054795
"1483",34003,1994.337,2.541117
"1484",34005,1406.88,2.313413
"1485",34007,1424.664,2.795031
"1486",34009,1691.755,2.404109
"1487",34011,1407.533,2.302312
"1488",34013,1422.643,2.825746
"1489",34015,1280.93,2.055033
"1490",34017,2083.57,2.230558
"1491",34019,1681.215,2.591051
"1492",34021,1559.254,2.198493
"1493",34023,1606.169,2.586791
"1494",34025,1683.116,3.270862
"1495",34027,1325.039,2.742947
"1496",34029,1193.096,2.714286
"1497",34031,1689.854,2.309412
"1498",34033,1463.504,2.489418
"1499",34035,1609.267,1.714286
"1500",34037,2157.335,5.020391
"1501",34039,1547.99,1.714286
"1502",34041,1887.59,3.173967
"1503",35001,1707.106,4.403054
"1504",35005,2603.978,2.993715
"1505",35006,1620.908,3.746859
"1506",35007,1831.19,3.651385
"1507",35009,2420.487,6.47
"1508",35013,2107.084,4.868792
"1509",35015,3907.989,2.471328
"1510",35017,2161.757,1.465137
"1511",35023,1869.314,5.045045
"1512",35025,3039.362,2.942231
"1513",35027,2273.195,1.575419
"1514",35029,4190.143,3.257107
"1515",35031,2930.93,1.576644
"1516",35035,2362.94,1.754391
"1517",35039,1793.316,5.304008
"1518",35041,2317.705,2.71906
"1519",35043,2063.86,4.126977
"1520",35045,1557.115,1.417811
"1521",35047,1649.399,3.707746
"1522",35049,1083.787,1.5
"1523",35055,1710.807,3.717578
"1524",35057,1643.46,4.282181
"1525",35061,1587.96,4.411867
"1526",36001,1994.224,2.578366
"1527",36003,1487.831,1.881794
"1528",36005,1912.658,1.585438
"1529",36007,2346.989,1.99958
"1530",36009,1633.284,1.995836
"1531",36011,1484.795,1.917339
"1532",36013,1337.928,1.705468
"1533",36015,1597.82,2.021044
"1534",36017,2324.868,2.622808
"1535",36019,2286.673,1.622857
"1536",36021,1896.411,2.009197
"1537",36023,1392.435,2.296523
"1538",36025,2018.113,2.058539
"1539",36027,1689.28,2.728066
"1540",36029,1214.671,2.197852
"1541",36031,2261.254,1.768486
"1542",36033,1847.267,1.392298
"1543",36035,1897.811,2.239729
"1544",36037,1828.75,1.977861
"1545",36039,1680.266,2.01539
"1546",36043,1749.617,2.263118
"1547",36045,2545.434,1.669501
"1548",36047,2266.948,1.7972
"1549",36049,1985.684,2.326822
"1550",36051,1398.606,2.125251
"1551",36053,1715.459,3.108097
"1552",36055,1423.703,2.007013
"1553",36057,1945.373,1.91285
"1554",36059,2007.169,2.047502
"1555",36061,2304.811,1.733333
"1556",36063,1241.14,1.723738
"1557",36065,1856.086,2.369061
"1558",36067,1046.627,1.5
"1559",36069,1447.402,1.676852
"1560",36071,1670.923,1.727361
"1561",36073,1425.319,1.753956
"1562",36075,1082.832,1.850218
"1563",36077,1633.17,1.924412
"1564",36079,2217.058,2.743324
"1565",36081,2296.593,1.92827
"1566",36083,2304.076,2.428495
"1567",36085,2261.665,2.120957
"1568",36087,2205.846,2.278946
"1569",36089,1742.534,2.215879
"1570",36091,2176.181,3.011531
"1571",36093,2302.27,3.138265
"1572",36095,1578.53,2.359594
"1573",36097,1739.444,1.381729
"1574",36099,1529.42,1.617527
"1575",36101,1713.734,1.494298
"1576",36103,2020.649,1.994615
"1577",36105,2140.434,1.95555
"1578",36107,1982.017,2.869111
"1579",36109,1320.025,1.883458
"1580",36111,1291.157,1.701422
"1581",36113,1950.555,1.283562
"1582",36115,2099.443,1.500015
"1583",36117,1472.283,1.815006
"1584",36119,2365.32,2.108052
"1585",36121,1491.897,2.261232
"1586",36123,1435.39,1.776416
"1587",37001,1280.52,1.77633
"1588",37003,1010.76,1.5
"1589",37005,1369.16,3.375033
"1590",37007,2060.309,4.166749
"1591",37009,1281.498,5.319612
"1592",37011,1174.657,2.770083
"1593",37013,1324.477,3.157037
"1594",37015,1692.8,4.552765
"1595",37017,985.189,1.748235
"1596",37019,1207.8,3.627835
"1597",37021,1035.257,1.5
"1598",37023,1758.782,6.696507
"1599",37025,1354.947,2.553232
"1600",37027,2006.678,7.431376
"1601",37029,1892.766,4.163616
"1602",37031,2062.224,3.357552
"1603",37033,1748.07,3.079789
"1604",37035,1318.532,4.124738
"1605",37037,1096.433,2.574129
"1606",37039,1257.928,2.833777
"1607",37043,980.1199,1.525871
"1608",37045,1878.817,3.337722
"1609",37047,1555.411,4.955134
"1610",37049,656.173,1.37182
"1611",37051,711.2353,1.588235
"1612",37053,927.4082,1.829543
"1613",37055,2048.871,3.803293
"1614",37057,863.061,1.685393
"1615",37059,820.0567,1.437209
"1616",37061,1366.971,3.80904
"1617",37063,1120.665,3.095922
"1618",37065,1257.304,4.125862
"1619",37067,790.2015,1.336303
"1620",37069,1163.54,3.221823
"1621",37071,1490.941,2.825872
"1622",37073,687.0494,1.57563
"1623",37075,1624.773,4.233831
"1624",37077,912.0614,1.602941
"1625",37079,1226.409,3.407945
"1626",37081,871.1385,1.8
"1627",37083,1676.544,5.7951
"1628",37085,858.2318,1.912596
"1629",37087,1963.745,2.977778
"1630",37089,1214.279,2.017045
"1631",37093,700.5272,1.748235
"1632",37095,1462.558,3.946871
"1633",37097,1451.404,3.769118
"1634",37099,2082.539,3.248088
"1635",37101,976.5891,1.602941
"1636",37103,1243.223,3.804152
"1637",37105,773.28,1.458886
"1638",37107,906.0514,2.9082
"1639",37109,1585.061,4.09972
"1640",37111,1591.042,2.450113
"1641",37113,1780.1,3.294118
"1642",37115,1087.12,1.506365
"1643",37117,1192.559,3.307241
"1644",37119,1198.4,2
"1645",37121,1428.535,2.335545
"1646",37123,2386.145,3.809839
"1647",37125,1057.681,2.588402
"1648",37127,1368.808,4.784138
"1649",37129,852.5906,2.263505
"1650",37131,1443.958,4.167046
"1651",37133,2138.712,4.648592
"1652",37135,1394.865,4.22047
"1653",37137,886.995,1.65524
"1654",37141,821.955,1.907236
"1655",37143,2273.215,4.465881
"1656",37145,1134.226,3
"1657",37147,798.9462,1.65362
"1658",37149,1534.937,3.834678
"1659",37151,965.4816,2.003884
"1660",37153,1618.892,3.756
"1661",37155,1572.725,5.682353
"1662",37157,1205.764,3.132
"1663",37159,1701.146,3.638196
"1664",37161,2047.567,2.479793
"1665",37163,809.6324,1.748235
"1666",37165,1906.93,2.235895
"1667",37167,2443.85,7.645334
"1668",37169,855.6714,1.343478
"1669",37171,1280.101,3.97924
"1670",37173,2254.706,3.601454
"1671",37175,1286.413,3.305076
"1672",37179,1138.119,2
"1673",37181,1587.008,2.463231
"1674",37183,807.9091,1.468627
"1675",37185,1857.393,3.145964
"1676",37189,1440.081,4.171239
"1677",37191,1512.126,3.483908
"1678",37193,1378.051,4.319087
"1679",37195,1164.214,2.884682
"1680",37197,934.4151,1.349699
"1681",37199,1065.78,1.536068
"1682",38003,1928.2,1.55096
"1683",38005,1551.624,1.39082
"1684",38015,1816.542,2.998737
"1685",38017,1550.75,1.259645
"1686",38035,924.4183,1.886538
"1687",38073,3264.966,1.538735
"1688",38089,2482.994,2.697573
"1689",38101,1672.512,1.320509
"1690",38105,2436.095,2.678116
"1691",39001,1641.675,1.853877
"1692",39003,1115.761,2.187481
"1693",39005,1593.455,1.765844
"1694",39007,1175.56,1.625602
"1695",39009,2426.56,2.86881
"1696",39011,2350.069,2.830243
"1697",39013,2173.297,3.88648
"1698",39015,1677.813,3.799666
"1699",39017,1467.136,3.867308
"1700",39019,971.5984,3.025909
"1701",39021,1872.509,2.32186
"1702",39023,1426.504,2.895202
"1703",39025,1422.318,3.692142
"1704",39027,918.2983,1.720408
"1705",39029,1610.273,3.821939
"1706",39031,1863.174,2.111677
"1707",39033,1982.939,2.360271
"1708",39035,1271.233,2.567035
"1709",39037,1759.275,5.052821
"1710",39039,3621.911,1.641188
"1711",39041,1221.168,2.62124
"1712",39043,2312.101,1.763425
"1713",39045,1186.133,2.186567
"1714",39047,1901.462,4.445961
"1715",39049,1098.362,1.991085
"1716",39051,1454.032,3.1968
"1717",39053,3379.23,1.625598
"1718",39055,1067.768,2.427826
"1719",39057,999.3905,1.5
"1720",39059,1970.753,1.876869
"1721",39061,1158.099,3.685714
"1722",39063,1266.596,2.69029
"1723",39065,1794.394,2.299035
"1724",39067,1771.013,3.767228
"1725",39069,2170.574,2.693555
"1726",39071,1399.42,3.754913
"1727",39073,1481.662,1.624118
"1728",39075,1090.346,3.612927
"1729",39077,2740.275,2.152423
"1730",39079,2915.381,1.39071
"1731",39081,1718.97,1.685926
"1732",39083,1578.535,2.934383
"1733",39085,1083.951,2.131716
"1734",39087,2773.323,4.551175
"1735",39089,1232.984,2.319767
"1736",39091,1875.24,2.530586
"1737",39093,1153.275,2.320986
"1738",39095,1059.472,2.423698
"1739",39097,1169.656,2.400172
"1740",39099,1296.63,1.604085
"1741",39101,1580.217,2.052391
"1742",39103,1201.4,2.352398
"1743",39105,3202.125,2.226522
"1744",39107,2114.412,2.2159
"1745",39109,1904.753,5.519003
"1746",39111,2720.759,3.018455
"1747",39113,1165.01,1.782258
"1748",39115,1367.562,2.251627
"1749",39117,1646.538,2.004563
"1750",39119,1538.874,2.079059
"1751",39121,2602.993,2.31869
"1752",39123,1765.11,1.566483
"1753",39125,2717.032,2.601043
"1754",39127,1387.815,2.01012
"1755",39129,1538.04,2.764463
"1756",39131,2716.341,1.591308
"1757",39133,1193.505,2.842105
"1758",39135,1769.207,4.362864
"1759",39137,1033.544,1.628497
"1760",39139,1725.628,2.35113
"1761",39141,1705.219,3.545712
"1762",39143,1630.243,2.051702
"1763",39145,3121.298,1.637992
"1764",39147,2763.378,2.2964
"1765",39149,2614.679,4.533368
"1766",39151,650.8133,1.288636
"1767",39153,1112.92,2.670176
"1768",39155,997.5997,2.918376
"1769",39157,1136.922,3.245971
"1770",39159,1240.46,2.564806
"1771",39161,1724.237,1.364379
"1772",39163,2842.887,1.673148
"1773",39165,1247.663,3.466558
"1774",39167,2851.034,2.400863
"1775",39169,903.7106,2.192067
"1776",39171,2710.006,2.137508
"1777",39173,1249.115,2.589565
"1778",39175,1284.734,2.189557
"1779",40001,2291.187,3.983531
"1780",40003,1967.771,3.224307
"1781",40005,1870.001,2.72086
"1782",40007,3604.884,2.361283
"1783",40009,2866.915,3.404031
"1784",40011,1526.29,4.342305
"1785",40013,2271.175,2.257385
"1786",40015,2297.754,3.006092
"1787",40017,1146.332,2.696822
"1788",40019,1463.312,1.711745
"1789",40021,1446.99,2.954911
"1790",40023,1911.906,4.62524
"1791",40027,927.4789,2.028571
"1792",40031,1894.784,1.80774
"1793",40033,2200.228,1.784213
"1794",40035,2276.175,1.871123
"1795",40037,1208.986,2.348363
"1796",40039,1828.734,4.556856
"1797",40041,2134.795,2.187799
"1798",40047,1688.113,3.575782
"1799",40049,1163.491,3.766676
"1800",40051,1891.039,5.099766
"1801",40055,2130.637,2.148661
"1802",40057,2038.131,3.8487
"1803",40059,2124.421,2.780424
"1804",40061,923.3063,1.729752
"1805",40065,2203.905,1.861885
"1806",40067,1611.263,1.5
"1807",40069,1618.863,4.761104
"1808",40071,2335.945,3.413117
"1809",40073,1601.299,3.908161
"1810",40075,1902.377,3.947958
"1811",40077,1170.069,2.457917
"1812",40079,925.7297,1.859091
"1813",40081,1444.383,3.393562
"1814",40083,1212.343,3.070761
"1815",40085,1626.824,1.737712
"1816",40087,854.2161,1.632948
"1817",40089,1907.333,6.654087
"1818",40091,1303.607,2.576827
"1819",40093,1569.707,5.019378
"1820",40095,1786.233,1.786604
"1821",40097,1757.537,2.376534
"1822",40099,1323.403,3.387611
"1823",40101,1277.599,1.927266
"1824",40103,1937.883,2.566832
"1825",40105,1252.535,1.621289
"1826",40107,1433.305,2.904455
"1827",40109,1109.57,2.422234
"1828",40111,1364.889,2.791713
"1829",40113,1493.21,2.371937
"1830",40115,2157.209,1.656111
"1831",40117,1525.726,2.713987
"1832",40119,1851.984,1.225779
"1833",40121,1325.312,1.809689
"1834",40123,2170.529,2.934381
"1835",40125,1363.43,3.094983
"1836",40127,1421.313,3.099147
"1837",40131,1232.688,2.211008
"1838",40133,1824.532,3.861164
"1839",40135,1013.702,2.018182
"1840",40137,2024.957,2.464166
"1841",40139,3329.526,2.135415
"1842",40143,1046.564,2.272973
"1843",40145,1016.016,2.188936
"1844",40147,1050.532,1.786642
"1845",40149,1838.084,2.559967
"1846",40153,2518.882,6.454307
"1847",41001,2518.909,1.44356
"1848",41003,1363.286,1.5
"1849",41005,1439.456,1.977924
"1850",41007,2756.943,1.707825
"1851",41009,1525.872,2.433341
"1852",41011,1656.261,2.788688
"1853",41013,2039.272,3.193037
"1854",41015,3354.289,3.502256
"1855",41017,1914.04,3.02436
"1856",41019,2349.506,3.167121
"1857",41027,2437.739,3.439434
"1858",41029,1370.388,2.575487
"1859",41031,2779.546,1.953274
"1860",41033,1709.505,4.967618
"1861",41035,2331.767,2.460757
"1862",41039,1229.799,1.545244
"1863",41041,2400.429,3.146987
"1864",41043,2189.438,2.590955
"1865",41045,2324.344,1.999087
"1866",41047,1939.074,4.79675
"1867",41049,2179.155,2.491174
"1868",41051,1510.896,1.771629
"1869",41053,1345.607,1.342166
"1870",41057,3088.473,3.898658
"1871",41059,2654.089,1.929336
"1872",41065,2270.965,1.724047
"1873",41067,1427.197,1.66834
"1874",41071,1889.631,3.780394
"1875",42001,1720.058,3.622321
"1876",42003,1225.613,2.814
"1877",42005,1267.835,1.492319
"1878",42007,759.1132,1.764706
"1879",42009,1107.61,2.15355
"1880",42011,1097.175,1.669014
"1881",42013,995.8687,2.91063
"1882",42015,1243.17,1.081948
"1883",42017,1517.331,2.43125
"1884",42019,1274.707,2.8307
"1885",42021,1242.877,1.679511
"1886",42025,1337.466,2.785382
"1887",42027,1204.27,2.92801
"1888",42029,1059.064,1.704202
"1889",42031,1283.141,2.080654
"1890",42033,1787.086,1.724988
"1891",42035,1344.521,2.460155
"1892",42037,1962.105,4.530807
"1893",42039,1841.932,2.263708
"1894",42041,861.3905,1.514286
"1895",42043,879.5198,1.780288
"1896",42045,1554.823,3.369718
"1897",42047,1424.719,5.495605
"1898",42049,786.7417,1.704545
"1899",42051,769.6617,1.902667
"1900",42055,1249.022,1.952703
"1901",42057,1268.958,1.718571
"1902",42059,1076.493,3.025187
"1903",42061,1532.007,4.372228
"1904",42063,1345.1,3.046442
"1905",42065,1553.064,1.789955
"1906",42067,1305.83,3.601771
"1907",42069,1100.342,1.6777
"1908",42071,1200.789,1.677612
"1909",42073,941.9601,2.339612
"1910",42075,1088.78,2.762579
"1911",42077,1236.567,2.057215
"1912",42079,1335.253,1.665534
"1913",42081,2026.387,8.470978
"1914",42083,1438.586,1.847687
"1915",42085,1662.5,1.742454
"1916",42087,1359.705,2.888381
"1917",42089,1804.371,3.819818
"1918",42091,1329.309,2.704225
"1919",42093,3157.435,7.73242
"1920",42095,1330.412,2.116169
"1921",42097,2879.427,6.535624
"1922",42099,863.0156,1.644764
"1923",42101,1868.673,3.792482
"1924",42103,1898.324,4.052631
"1925",42105,1906.238,2.076242
"1926",42107,1308.893,1.85208
"1927",42109,2185.038,5.131607
"1928",42111,1320.479,1.756079
"1929",42113,2611.516,5.436106
"1930",42115,1933.329,3.203373
"1931",42117,2043.086,2.31055
"1932",42119,2814.112,3.320344
"1933",42121,975.2428,1.955102
"1934",42123,930.6307,2.595233
"1935",42125,1195.917,2.808383
"1936",42127,1531.817,2.924042
"1937",42129,1170.745,1.986255
"1938",42131,1509.62,4.180808
"1939",42133,1084.209,2.765154
"1940",44001,1115.639,2.561687
"1941",44003,1157.868,2.545768
"1942",44005,1281.836,3.426394
"1943",44007,1263.547,2.974957
"1944",44009,1494.162,3.091406
"1945",45001,933.4089,1.829268
"1946",45003,1589.635,3.621995
"1947",45005,1484.925,4.081356
"1948",45007,1591.218,3.877933
"1949",45009,1703.479,3.446009
"1950",45011,1850.055,4.985
"1951",45013,2025.69,2.139632
"1952",45015,1395.676,2.769624
"1953",45017,879.92,1.5
"1954",45019,1223.42,2.044872
"1955",45021,2749.395,1.650943
"1956",45023,1117.183,1.741237
"1957",45025,3193.594,4.390538
"1958",45027,2406.989,4.102208
"1959",45029,1777.292,4.846843
"1960",45031,3053.544,1.682719
"1961",45033,3500.145,1.745396
"1962",45035,1261.422,2.769624
"1963",45037,1262.78,2.925125
"1964",45039,841.0035,1.234615
"1965",45041,3124.631,1.503309
"1966",45043,2188.489,4.721384
"1967",45045,1754.281,3.84
"1968",45047,1099.284,2.198171
"1969",45049,2418.326,3.03947
"1970",45051,1639.813,5.065044
"1971",45053,1884.615,3.457903
"1972",45055,1539.834,3.306633
"1973",45057,1472.995,3.055776
"1974",45059,1832.026,4.270224
"1975",45061,2687.738,1.997001
"1976",45063,797.848,1.423077
"1977",45065,1608.017,3.839018
"1978",45067,2982.059,1.830036
"1979",45069,3245.133,2.069921
"1980",45071,1556.026,5.148211
"1981",45073,1737.326,3.672
"1982",45075,1228.153,3.091429
"1983",45077,2006.442,4.27024
"1984",45079,852.3334,1.234615
"1985",45081,1045.609,3.17561
"1986",45083,2378.727,3.274667
"1987",45085,2958.401,3.92555
"1988",45087,2724.344,1.980852
"1989",45089,2537.017,2.341901
"1990",45091,1003.431,2.31134
"1991",46011,2994.485,1.29317
"1992",46013,1706.34,1.455882
"1993",46027,3776.768,1.913434
"1994",46029,2261.198,1.745474
"1995",46033,1729.612,1.436953
"1996",46037,2335.818,2.303884
"1997",46051,2204.787,3.722829
"1998",46061,3995.002,1.468221
"1999",46065,2077.262,1.837753
"2000",46079,2148.205,2.777171
"2001",46081,2728.617,1.999537
"2002",46083,2789.844,1.731727
"2003",46093,2157.951,1.765517
"2004",46099,2943.015,1.583606
"2005",46103,2158.136,1.780769
"2006",46125,2954.359,1.545844
"2007",46127,2283.41,2.024283
"2008",46135,2291.395,1.906347
"2009",47001,936.8025,1.764
"2010",47003,1397.502,2.561117
"2011",47005,1680.192,2.679346
"2012",47007,1811.33,2.445983
"2013",47009,993.919,1.8648
"2014",47011,1953.602,4.165761
"2015",47013,959.5159,1.8048
"2016",47015,2064.226,3.204225
"2017",47017,2082.714,1.901807
"2018",47019,1220.195,3.740027
"2019",47021,1206.12,3.337115
"2020",47023,1956.541,1.161576
"2021",47025,1531.042,3.202445
"2022",47027,1446.026,2.657418
"2023",47029,1298.611,2.439878
"2024",47031,1381.422,2.92232
"2025",47033,1490.214,3.592825
"2026",47035,1401.936,3.19488
"2027",47037,1342.058,3.421442
"2028",47039,1327.791,2.72028
"2029",47041,1216.455,2.288505
"2030",47043,1218.328,3.177254
"2031",47045,1611.984,2.121822
"2032",47047,810.927,1.548378
"2033",47049,1677.308,3.036517
"2034",47051,1460.59,3.887405
"2035",47053,2025.246,3.047151
"2036",47055,1795.431,4.660541
"2037",47057,1142.079,1.924127
"2038",47059,1237.399,2.129626
"2039",47061,1309.024,2.822808
"2040",47063,1219.11,1.737245
"2041",47065,1617.174,3.548972
"2042",47067,1088.38,1.5
"2043",47069,1408.913,3.488807
"2044",47071,1144.487,2.222737
"2045",47073,1034.348,3.141546
"2046",47075,1500.924,2.862069
"2047",47077,1944.46,1.828715
"2048",47079,1604.635,2.907223
"2049",47081,1358.346,3.368045
"2050",47083,998.8673,2.302144
"2051",47085,1389.734,2.304403
"2052",47087,1173.21,2.883656
"2053",47089,1087.634,1.864095
"2054",47091,1391.38,4.476612
"2055",47093,1060.16,2.018898
"2056",47097,1143.882,3.249061
"2057",47099,1896.32,4.707106
"2058",47101,1841.133,4.545865
"2059",47103,1161.893,2.311964
"2060",47105,1120.876,1.96085
"2061",47107,1474.717,2.479029
"2062",47109,1538.624,3.412281
"2063",47111,1263.35,3.171798
"2064",47113,1894.263,1.666681
"2065",47115,1739.488,4.004831
"2066",47117,1614.83,4.420955
"2067",47119,1442.001,3.67027
"2068",47121,1569.16,2.951161
"2069",47123,907.8442,1.630435
"2070",47125,1021.262,2.997731
"2071",47127,1125.942,2.179389
"2072",47129,979.7706,1.82152
"2073",47131,1719.823,3.282512
"2074",47133,1550.761,3.220323
"2075",47135,1699.763,2.603333
"2076",47139,2023.702,3.533804
"2077",47141,1596.317,2.923146
"2078",47143,1926.823,1.874115
"2079",47145,1110.505,1.985353
"2080",47147,1687.1,3.588109
"2081",47149,1467.309,3
"2082",47151,1022.477,1.8808
"2083",47153,1648.295,3.628721
"2084",47155,1185.125,2.04675
"2085",47157,793.5377,1.757104
"2086",47159,1187.527,2.542571
"2087",47161,1151.611,4.163551
"2088",47163,846.3136,2.387412
"2089",47165,1605.2,4.304507
"2090",47167,802.6995,1.757104
"2091",47169,1122.547,2.695575
"2092",47171,1167.247,2.263723
"2093",47173,942.1824,1.6944
"2094",47175,1787.399,3.109766
"2095",47177,1479.494,3.114454
"2096",47179,799.6318,2.230588
"2097",47181,1677.757,4.477297
"2098",47183,2060.471,3.070185
"2099",47185,1428.429,3.279607
"2100",47187,1255.55,2.755633
"2101",47189,1087.36,3.043158
"2102",48001,2402.157,2.690358
"2103",48003,1796.353,3.335849
"2104",48005,1311.462,1.15
"2105",48007,1034.169,2.3125
"2106",48009,1423.882,1.469957
"2107",48011,1716.489,2.380439
"2108",48013,1000.663,2.361081
"2109",48015,1548.494,2.41682
"2110",48017,1650.169,5.815894
"2111",48019,1002.124,2.385315
"2112",48021,1559.536,2.051222
"2113",48025,1572.454,3.2416
"2114",48027,1468.113,1.984744
"2115",48029,800.7894,1.773305
"2116",48031,1344.05,1.769115
"2117",48035,1177.802,2.425681
"2118",48037,1830.282,3.595065
"2119",48039,1072.352,1.938417
"2120",48041,1339.978,1.660454
"2121",48043,2448.785,5.692793
"2122",48047,1317.087,3.316933
"2123",48049,2965.381,3.838387
"2124",48051,1077.756,1.576759
"2125",48053,1588.635,1.967213
"2126",48055,1292.915,2.103787
"2127",48057,2569.958,1.891657
"2128",48059,1993.164,3.79219
"2129",48061,2087.975,4.253916
"2130",48067,1976.731,3.122709
"2131",48069,1804.272,5.632613
"2132",48071,1686.916,3.768251
"2133",48073,2062.854,2.370292
"2134",48075,1554.792,1.209556
"2135",48077,2159.695,2.979741
"2136",48083,2367.327,6.232224
"2137",48085,1419.067,2.495868
"2138",48089,1566.299,1.948293
"2139",48091,928.546,2.392617
"2140",48093,1808.201,2.248521
"2141",48097,2283.378,2.633628
"2142",48099,1552.279,3.953639
"2143",48103,1920.965,3.767045
"2144",48105,2666.397,2.5098
"2145",48107,1897.479,7.140071
"2146",48111,2049.211,2.650864
"2147",48113,1502.464,2.492347
"2148",48115,1676.273,3.668815
"2149",48117,1166.083,2.017354
"2150",48119,1912.015,2.246032
"2151",48121,1657.383,1.994083
"2152",48123,2482.14,1.891674
"2153",48127,1050.894,1.934003
"2154",48129,996.7214,1.5
"2155",48131,1080.378,2.125
"2156",48133,1918.845,3.149171
"2157",48135,2521.931,2.515841
"2158",48139,1580.084,2.785124
"2159",48141,1113.21,1.765459
"2160",48143,1782.784,2.022037
"2161",48145,1019.71,1.989052
"2162",48147,1710.075,2.287042
"2163",48149,1478.238,1.900616
"2164",48151,1829.365,3.41522
"2165",48157,1499.548,2.316643
"2166",48159,1801.857,2.043604
"2167",48161,2211.601,4.573186
"2168",48163,958.3024,1.72043
"2169",48165,1505.244,6.156993
"2170",48167,1075.069,2
"2171",48171,2231.034,1.888293
"2172",48173,3532.651,2.824629
"2173",48175,2280.387,3.374995
"2174",48177,1911.579,2.396811
"2175",48179,2060.009,2.746708
"2176",48181,1847.282,2.320902
"2177",48183,2227.132,2.129105
"2178",48185,1313.425,1.906849
"2179",48187,1538.798,3.6505
"2180",48189,2260.752,3.357084
"2181",48193,1691.394,5.645988
"2182",48195,1346.724,2.304109
"2183",48197,2059.795,2.244969
"2184",48199,1110.171,2.15534
"2185",48201,1390.299,2.389286
"2186",48203,2309.412,2.28019
"2187",48207,1024.799,1.318966
"2188",48209,1314.394,1.621622
"2189",48211,2400.69,4.124431
"2190",48213,1784.876,1.764215
"2191",48215,2614.363,1.654268
"2192",48217,1746.916,3.523846
"2193",48219,2254.875,5.029435
"2194",48221,1351.413,2.068195
"2195",48223,1564.023,2.200647
"2196",48225,1879.838,3.908786
"2197",48231,1578.863,2.398347
"2198",48233,1995.579,2.637924
"2199",48235,2472.845,1.828265
"2200",48237,1891.95,2.177575
"2201",48239,2435.965,2.18615
"2202",48241,1141.154,2.114286
"2203",48245,1777.892,4.55329
"2204",48247,887.9449,1.494671
"2205",48249,1054.019,2.476667
"2206",48251,1419.913,2.659544
"2207",48253,2043.186,2.568791
"2208",48255,1555.343,3.472207
"2209",48257,1571.195,2.802714
"2210",48259,881.827,2.212121
"2211",48263,1431.801,3.819705
"2212",48265,2171.385,3.565612
"2213",48267,1815.57,2.102511
"2214",48273,922.4349,1.837568
"2215",48275,966.596,1.688235
"2216",48277,3090.431,1.961173
"2217",48279,2266.638,6.210236
"2218",48281,2039.638,2.10499
"2219",48283,1320.644,2.449372
"2220",48285,1982.427,1.693661
"2221",48287,1641.526,1.940604
"2222",48289,1818.752,3.911332
"2223",48291,1718.295,2.385882
"2224",48293,1777.218,4.18602
"2225",48295,1712.874,2.209914
"2226",48297,1275.893,2.207793
"2227",48299,1901.194,1.688858
"2228",48303,2104.331,5.066113
"2229",48305,1820.209,5.174224
"2230",48307,2517.126,2.13815
"2231",48309,1181.192,2.601911
"2232",48313,1200.402,2.292169
"2233",48315,2223.564,2.136111
"2234",48317,3185.346,1.536548
"2235",48321,1223.749,1.820603
"2236",48323,1442.186,3.671123
"2237",48325,954.1319,2.595339
"2238",48327,2262.803,2.048459
"2239",48329,2854.673,1.456324
"2240",48331,1823.516,2.088154
"2241",48333,2822.909,2.773498
"2242",48335,1963.657,3.494716
"2243",48337,2056.775,2.954819
"2244",48339,1272.591,2.057143
"2245",48341,2188.622,2.557591
"2246",48343,1981.39,1.947903
"2247",48347,2298.3,2.357545
"2248",48349,2145.182,2.652553
"2249",48351,1458.302,3.582524
"2250",48353,1903.073,3.218073
"2251",48355,897.4016,1.771902
"2252",48357,1688.485,3.042515
"2253",48361,1733.069,3.845433
"2254",48363,1440.979,2.34188
"2255",48365,1993.848,2.28255
"2256",48367,1526.577,2.3486
"2257",48369,1697.282,2.718313
"2258",48371,1730.147,5.475072
"2259",48373,1563.33,2.15
"2260",48375,1631.853,3.042515
"2261",48377,3311.136,11.57134
"2262",48379,1706.841,1.901047
"2263",48381,1565.923,3.042515
"2264",48385,2113.467,3.391163
"2265",48387,2221.753,4.001677
"2266",48389,1465.775,2.522276
"2267",48391,1764.912,4.458183
"2268",48395,1083.59,1.536888
"2269",48397,1734.568,2.145582
"2270",48399,2190.727,3.581283
"2271",48401,2145.744,2.120974
"2272",48403,1981.607,3.223256
"2273",48405,2033.821,2.684302
"2274",48407,1582.198,2.042151
"2275",48409,1090.636,2.716667
"2276",48411,1507.514,2.53401
"2277",48413,2197.184,1.819717
"2278",48417,2264.842,4.454069
"2279",48419,1993.16,2.755
"2280",48421,2218.857,2.757862
"2281",48423,1774.518,2.775187
"2282",48425,2049.3,2.253511
"2283",48427,2192.23,1.75511
"2284",48429,1573.828,2.228905
"2285",48435,2805.66,1.907387
"2286",48437,1475.498,2.720537
"2287",48439,1267.169,2.372059
"2288",48441,1835.109,2.462026
"2289",48445,1839.147,2.800791
"2290",48447,2152.835,3.294395
"2291",48449,1717.113,1.661735
"2292",48451,2501.764,1.9646
"2293",48453,1381.19,1.705946
"2294",48457,1151.518,2.316505
"2295",48459,2097.285,2.120974
"2296",48461,1938.243,3.130224
"2297",48463,1194.055,2.093571
"2298",48465,2039.926,6.708556
"2299",48467,1758.508,2.589436
"2300",48469,2322.86,2.326674
"2301",48471,1584.591,2.582154
"2302",48473,1420.461,2.215506
"2303",48475,1946.465,3.327813
"2304",48477,1906.236,4.049843
"2305",48479,1105.853,1.847812
"2306",48481,1996.727,2.943249
"2307",48483,1733.297,2.506563
"2308",48485,1383.423,1.468884
"2309",48487,1640.917,1.62332
"2310",48489,1178.341,1.6625
"2311",48491,1431.048,1.764324
"2312",48493,804.4685,1.773305
"2313",48495,1373.553,1.91176
"2314",48497,1826.571,2.948262
"2315",48499,1795.292,2.688384
"2316",48501,2157.824,4.936834
"2317",48503,1474.594,1.56835
"2318",48505,1037.095,1.961538
"2319",48507,1215.83,1.551543
"2320",49003,1495.026,1.811849
"2321",49005,1116.119,1.724324
"2322",49007,2235.074,1.576052
"2323",49011,1338.916,2.243343
"2324",49013,2395.965,1.950438
"2325",49015,1842.914,2.520493
"2326",49019,1757.779,2.933748
"2327",49021,1176.262,1.631116
"2328",49023,1346.676,1.742661
"2329",49025,1484.828,1.929572
"2330",49027,1579.566,1.445023
"2331",49029,1443.063,1.998891
"2332",49035,1026.343,1.71022
"2333",49037,2337.889,1.403988
"2334",49039,1488.338,2.030756
"2335",49041,1512.483,1.584038
"2336",49043,1131.587,1.618709
"2337",49045,1307.901,2.233704
"2338",49047,1754.553,1.684081
"2339",49049,1042.854,2.009946
"2340",49051,1260.474,1.835488
"2341",49053,853.8976,1.827867
"2342",49057,1387.96,2.047866
"2343",50001,2733.803,1.40116
"2344",50003,2351.277,1.434526
"2345",50005,2960.736,1.691554
"2346",50007,2780.766,1.286908
"2347",50011,1944.037,1.799746
"2348",50015,2526.371,1.615428
"2349",50017,3324.678,2.063288
"2350",50019,2639.651,1.745828
"2351",50021,3000.938,1.439503
"2352",50023,2836.021,1.522788
"2353",50025,2185.273,1.555247
"2354",50027,2254.02,1.538436
"2355",51001,1609.213,6.187603
"2356",51003,1452.613,2.597274
"2357",51005,2050.442,3.006836
"2358",51007,2063.599,3.227944
"2359",51009,1130.96,1.793036
"2360",51013,1309.979,3.047776
"2361",51015,1381.86,1.693884
"2362",51019,2246.403,4.099719
"2363",51021,3098.019,2.204849
"2364",51023,1780.518,3.18825
"2365",51025,2663.03,2.412815
"2366",51027,1740.735,5.29328
"2367",51031,1889.318,1.950691
"2368",51033,1880.6,3.495139
"2369",51035,2012.12,4.371365
"2370",51036,1829.473,4.011609
"2371",51037,2531.529,2.320386
"2372",51041,2161.24,2.216389
"2373",51043,1487.083,1.505243
"2374",51045,2444.396,3.754717
"2375",51047,2043.347,3.13683
"2376",51049,2350.583,2.315891
"2377",51051,1785.808,5.184796
"2378",51053,2840.029,3.650043
"2379",51057,2429.804,1.919948
"2380",51059,1136.25,2.684932
"2381",51061,1631.927,3.89845
"2382",51063,2540.19,2.518693
"2383",51065,1586.084,2.812491
"2384",51067,1960.622,3.339988
"2385",51069,1596.901,1.315025
"2386",51071,3487.809,1.765779
"2387",51073,1905.341,2.003933
"2388",51075,2004.743,3.128872
"2389",51077,2396.631,1.873314
"2390",51079,1614.236,2.494424
"2391",51083,2382.627,2.470803
"2392",51085,2123.175,2.433667
"2393",51087,2245.84,1.977346
"2394",51089,2301.29,2.707968
"2395",51093,1584.651,3.431626
"2396",51095,1524.848,3.647117
"2397",51097,1907.788,2.3326
"2398",51101,2189.193,2.630192
"2399",51103,2232.572,2.335517
"2400",51105,1475.98,3.233012
"2401",51107,1240.348,2.790309
"2402",51109,1789.584,2.820372
"2403",51111,2967.887,2.918206
"2404",51113,1911.552,2.115732
"2405",51115,1795.021,4.690775
"2406",51117,2213.999,2.270339
"2407",51119,2046.03,1.695821
"2408",51121,3323.216,2.061745
"2409",51125,1470.948,2.493185
"2410",51127,2211.439,1.872607
"2411",51133,2227.049,1.635721
"2412",51135,3064.166,1.980153
"2413",51137,1904.423,3.054281
"2414",51139,1672.117,1.514962
"2415",51141,1823.752,3.139749
"2416",51143,1766.714,2.88526
"2417",51149,3141.266,3.62665
"2418",51153,1165.825,3.287755
"2419",51155,3455.896,1.888592
"2420",51159,2048.936,2.558798
"2421",51161,1772.88,3.080282
"2422",51163,1879.584,1.849453
"2423",51165,1708.439,1.60007
"2424",51167,1734.803,4.725747
"2425",51169,1033.003,2.571059
"2426",51171,1839.646,1.600099
"2427",51173,1749.591,2.206477
"2428",51175,1631.627,5.104791
"2429",51177,1834.398,3.343689
"2430",51179,1864.063,4.77
"2431",51181,1685.884,4.421352
"2432",51183,2749.494,7.872446
"2433",51185,2902.64,3.668518
"2434",51187,1627.698,1.390095
"2435",51191,1240.27,3.889751
"2436",51193,1840.227,4.832039
"2437",51195,1502.64,3.806745
"2438",51197,2642.964,2.875668
"2439",51199,1704.58,1.974067
"2440",51510,1197.839,2.695863
"2441",51520,942.0101,2.3406
"2442",51540,1445.247,2.548947
"2443",51550,1335.703,3.714205
"2444",51570,3013.153,3.24445
"2445",51595,2471.665,2.113461
"2446",51610,1180.976,2.583204
"2447",51630,1886.098,3.632362
"2448",51650,1968.747,2.077633
"2449",51660,1708.218,1.597687
"2450",51670,2568.373,2.729097
"2451",51680,2012.474,2.139774
"2452",51700,1805.438,2.073075
"2453",51710,1466.543,4.282286
"2454",51720,1727.629,3.10611
"2455",51740,1603.397,4.516879
"2456",51750,3034.879,1.89121
"2457",51760,2236.092,1.855666
"2458",51770,1650.852,2.968948
"2459",51775,1794.346,2.961506
"2460",51800,1184.939,3.331912
"2461",51810,1364.503,3.952664
"2462",51840,1673.146,1.355196
"2463",53005,1486.12,2.991641
"2464",53007,1239.22,1.575002
"2465",53009,1574.636,2.27904
"2466",53011,1478.593,2
"2467",53015,1957.173,2.438172
"2468",53017,994.7661,1.200626
"2469",53019,2696.541,2.36763
"2470",53021,1702.03,3.634516
"2471",53025,1547.897,1.94896
"2472",53027,1711.749,2.647515
"2473",53029,1950.295,2.983466
"2474",53031,1296.622,2.732245
"2475",53033,1326.092,2.526475
"2476",53035,1196.969,2.190122
"2477",53037,1995.123,3.326148
"2478",53039,2411.546,2.589313
"2479",53041,1460.86,2.53383
"2480",53043,1248.231,2.562609
"2481",53045,972.9605,1.483796
"2482",53047,1495.754,1.994408
"2483",53049,2490.867,2.194954
"2484",53051,1552.458,4.388741
"2485",53053,1125.317,1.668035
"2486",53055,1275.724,2.481507
"2487",53057,1746.307,2.289043
"2488",53059,1728.546,2.253282
"2489",53061,1126.301,1.828009
"2490",53063,991.792,1.5
"2491",53065,2285.863,6.354434
"2492",53067,881.55,1.446759
"2493",53069,1734.223,1.990321
"2494",53071,2182.264,1.901775
"2495",53073,907.876,1.469609
"2496",53075,1492.965,2.092623
"2497",53077,938.3823,1.440945
"2498",54001,2922.763,2.49122
"2499",54003,1799.407,2.989486
"2500",54005,1506.014,3.029021
"2501",54007,2030.576,1.848
"2502",54009,1652.098,2.822748
"2503",54011,1965.433,4.061653
"2504",54015,1585.463,2.155756
"2505",54017,2613.094,2.29081
"2506",54019,3128.628,2.631047
"2507",54023,1221.241,1.534273
"2508",54025,2902.389,3.523899
"2509",54027,1595.642,1.56807
"2510",54029,1352.668,2.620768
"2511",54031,1497.307,1.286433
"2512",54033,2124.006,2.028355
"2513",54035,2179.524,3.101606
"2514",54037,1814.369,3.110031
"2515",54039,1421.214,2.626772
"2516",54041,2872.611,2.310933
"2517",54043,1620.741,3.633355
"2518",54045,1954.063,1.697938
"2519",54047,2132.53,3.48276
"2520",54049,2071.726,1.537637
"2521",54051,2388.517,2.453319
"2522",54053,3072.282,4.807312
"2523",54055,1981.677,2.821762
"2524",54057,1056.974,2.137737
"2525",54059,3070.252,1.887376
"2526",54061,2069.486,2.122721
"2527",54063,3008.96,3.735389
"2528",54065,1727.342,3.02624
"2529",54067,1778.032,2.379473
"2530",54073,2755.79,3.123594
"2531",54077,1619.43,2.240369
"2532",54079,1736.205,3.42531
"2533",54081,3098.776,1.653642
"2534",54087,2160.454,4.557214
"2535",54091,2145.327,2.395455
"2536",54095,2593.098,4.348876
"2537",54097,2862.588,2.596871
"2538",54099,2977.574,7.963857
"2539",54101,1610.436,1.37381
"2540",54103,2314.277,3.644629
"2541",54105,2426.734,3.904147
"2542",54107,2459.904,2.862116
"2543",54109,1863.915,4.200003
"2544",55001,2654.818,1.744183
"2545",55003,3008.852,1.46419
"2546",55005,3654.726,2.628494
"2547",55007,2744.708,1.503561
"2548",55009,2578.062,1.490856
"2549",55011,2698.595,1.776419
"2550",55013,2656.459,1.696291
"2551",55015,1726.372,1.430694
"2552",55017,3008.415,2.005986
"2553",55019,2431.837,1.604027
"2554",55021,2886.894,1.482552
"2555",55023,3298.175,1.913172
"2556",55025,2947.967,1.426947
"2557",55027,2311.083,2.169909
"2558",55029,2931.67,1.535505
"2559",55031,2536.379,2.18544
"2560",55033,2436.367,1.520151
"2561",55035,2700.042,1.559192
"2562",55037,2469.934,1.519601
"2563",55039,2000.392,2.164572
"2564",55041,2680.614,1.582212
"2565",55043,1706.339,2.365661
"2566",55045,2604.588,1.528935
"2567",55047,2327.213,1.439967
"2568",55049,2188.392,1.820389
"2569",55051,1947.66,1.462415
"2570",55053,2713.106,1.630033
"2571",55055,2586.914,2.14117
"2572",55057,2467.837,1.697065
"2573",55059,3046.632,1.667951
"2574",55061,2682.359,1.594555
"2575",55063,2789.819,1.812133
"2576",55065,2450.746,1.81564
"2577",55067,2349.504,1.42259
"2578",55069,2180.805,1.588019
"2579",55071,2978.304,1.508383
"2580",55073,2095.456,1.5
"2581",55075,2449.258,1.412113
"2582",55077,2262.181,1.400216
"2583",55078,2237.644,1.956495
"2584",55079,2327.662,2.702118
"2585",55081,2803.179,1.945341
"2586",55083,2513.712,1.544586
"2587",55085,2529.741,1.842645
"2588",55087,2059.636,1.769944
"2589",55089,2322.884,2.3136
"2590",55093,2257.478,1.846394
"2591",55095,2311.973,1.910137
"2592",55097,2384.454,1.287009
"2593",55099,2114.896,1.673076
"2594",55101,2953.487,1.499998
"2595",55103,2910.93,1.577134
"2596",55105,2622.121,1.677464
"2597",55107,2884.547,1.206153
"2598",55109,2045.363,1.971043
"2599",55111,2184.503,1.681175
"2600",55113,2957.374,1.917488
"2601",55115,2188.775,1.939937
"2602",55117,3049.78,1.445621
"2603",55119,2546.116,1.408747
"2604",55121,2905.922,1.665078
"2605",55123,2817.02,2.274792
"2606",55125,2766.479,1.894264
"2607",55127,3291.916,1.636545
"2608",55129,2518.688,1.49952
"2609",55131,2107.978,2.844875
"2610",55133,2276.215,3.136892
"2611",55135,2066.993,1.417817
"2612",55137,2236.94,1.358968
"2613",55139,1849.458,1.571848
"2614",55141,2510.841,1.808346
"2615",56001,2000.311,1.77534
"2616",56003,1690.462,1.574636
"2617",56005,2601.125,1.559268
"2618",56007,2975.545,2.138149
"2619",56009,2988.817,2.096634
"2620",56013,2551.669,1.566366
"2621",56015,2403.808,1.639128
"2622",56017,2391.047,1.585377
"2623",56019,2034.716,2.065196
"2624",56021,1398.14,1.292942
"2625",56023,2733.275,2.393981
"2626",56025,2273.978,2.041939
"2627",56029,1755.76,1.813423
"2628",56033,1531.548,1.842525
"2629",56035,1609.867,2.116317
"2630",56037,2158.971,2.84474
"2631",56039,1440.744,1.450186
"2632",56041,2503.651,3.560518
"2633",56045,2518.605,2.260234
